마번,마명,성별,연령,레이팅1,수득상금(천원),마주,부마명,모마명,조교사이름,조교사번호,총경기,1st,2st,3st,산지,level
45027,가나패션,2,3,38,"40,800",김한수,올드패션드,찬란한여명,안해양,26,5,0,4,1,0,4
39021,가로수길,1,6,73,"202,880",홍종철,채플로열,협동,리카디,34,13,5,3,0,0,2
43765,갈색향기,2,3,26,"22,900",김광명,메니피,휴지호프,휴양마,999,10,0,2,1,0,5
44650,감곡선샤인,2,3,30,"14,750",손칠규,에이스갤러퍼,드림갤러퍼,심승태,37,6,1,0,0,0,5
45187,강력한지금,1,2,37,"27,550",금악목장,페더럴리스트,금악여제,홍대유,6,6,1,1,0,0,4
43772,강서돌풍,1,3,0,0,(주)디알엠씨티,메니피,강철나비,강성오,9,3,0,0,0,0,6
43808,강철부대,1,3,0,"5,500",오종환,선더모카신,플라이위너,심승태,37,5,0,0,1,0,6
45919,강철여걸,2,2,0,"2,400",허건호,카우보이칼,원신다임,유재길,23,2,0,0,0,0,6
37703,강토마,0,7,116,"649,000",김광명,테스타마타,무한신조,정호익,10,35,10,8,2,0,1
46025,강한퀸,2,2,0,"8,400",강수덕,아치아치아치,골드웨이브,홍대유,6,2,0,0,1,0,6
45469,갤럭시삭스,2,2,0,0,김창식,카우보이칼,러브토어치,이신영,14,1,0,0,0,0,6
41600,갤럽컬린,0,6,84,"267,430",이성인,CURLIN,COLONA,휴양마,999,24,5,2,4,1,1
42939,거센돌풍,1,4,46,"104,060",강석대,테이크차지인디,리걸조앤,최상식,28,17,3,1,3,0,4
45615,거센챔프,1,2,0,"3,000",강석대,머스킷맨,큐비트윈,이관호,42,2,0,0,0,0,6
44357,건곤일척,1,3,34,"39,950",서상주,지롤라모,청상의별,휴양마,999,10,1,1,2,0,5
44802,걸작드림,2,3,30,"40,000",박덕희,한센,멀티럭,박윤규,4,8,0,2,3,0,5
43111,걸작맨,0,4,31,"39,960",박덕희,커널존,패리실튼,박윤규,4,23,1,0,1,0,5
45512,걸작선,2,2,32,"33,000",박덕희,올드패션드,아르고챔프,박윤규,4,3,1,0,0,0,5
45227,검은질주,0,2,33,"46,200",박덕희,테스타마타,래턴펑크,박윤규,4,4,1,1,0,0,5
40738,검포,1,5,63,"183,410",드림커뮤니티,한센,템파르니요,박병일,27,23,2,7,3,0,3
41395,경부도령,1,5,40,"100,060",허건호,경부대로,아임레전드,유재길,23,28,1,4,6,0,4
43266,고고고,1,4,0,"8,700",청메이칭,컬러즈플라잉,명서공주,서범석,12,7,0,1,0,0,6
42893,고고스타,2,4,35,"65,110",김재용,카우보이칼,마이패션,김윤섭,32,22,1,0,6,0,5
44732,고마나루,1,3,0,"10,250",김근영,연승대로,펠로스글로리,구자흥,7,4,0,1,1,0,6
45393,고스트울프,2,2,31,"33,000",(주)나스카,메니피,스티클러,휴양마,999,1,1,0,0,0,5
46616,고스트참,1,2,0,"2,000",김세민,페더럴리스트,영순위,이신영,14,2,0,0,0,0,6
40566,고업,2,5,82,"323,710",김정성,티즈원더풀,링더벨,이희영,13,16,5,5,0,0,1
44869,고져스서브,2,3,35,"45,200",박준배,투아너앤드서브,헤이고져스,김동균,52,7,1,2,0,0,5
46137,골드마이티,1,2,0,0,유길상,올드패션드,쉬저스트마이트,우창구,5,1,0,0,0,0,6
42721,골드스파이크,2,4,34,"45,680",박복용,티즈원더풀,금빛환희,송문길,40,18,1,1,2,0,5
43832,골드윙,1,3,26,"15,750",말사모,포리스트캠프,슈퍼드림,최영주,3,9,1,0,0,0,5
42621,골드카이저,2,4,0,"8,250",김근영,테이크차지인디,골드마인,최영주,3,7,0,0,2,0,6
44741,골드케이,0,4,39,"56,680",강경운,올드패션드,문전옥답,우창구,5,17,2,1,3,0,4
43991,골드파워,2,3,28,"12,600",김은갑,한센,여의골드,박재우,50,4,0,2,0,0,5
44499,골든럭키,2,3,0,"3,500",강종우,커널존,신한우먼,배대선,20,3,0,0,1,0,6
43604,골든서비스,0,5,51,"80,810",강무웅,투아너앤드서브,SUENO D'ORO,최용구,8,21,2,2,2,1,3
44881,골든아너,1,3,30,"22,900",박기태,투아너앤드서브,골든로즈,전승규,25,5,0,2,1,0,5
43674,골든펄,2,3,0,0,박준배,테이크차지인디,딜라이트펄송,최용건,51,4,0,0,0,0,6
35364,광마힐,2,8,38,"144,360",안병렬,엑스플로잇,조이라이드,신삼영,41,46,3,1,5,0,4
43804,광명성,1,3,0,0,오종환,선더모카신,굿모닝,휴양마,999,3,0,0,0,0,6
41496,광양으뜸,0,5,38,"41,900",퍼플라인,애니기븐새터데이,당대미인,박윤규,4,11,2,1,1,0,4
45607,광치기,1,2,0,"3,000",우태율,경부대로,셀럽,안병기,22,2,0,0,0,0,6
40849,교룡득수,1,5,54,"181,000",(주)디알엠씨티,한센,승리의함성,김동철,53,26,4,3,0,0,3
42477,구억마알,2,4,44,"80,800",임흥호,오피서,임패션드댄서,안해양,26,18,2,3,0,0,4
44003,국대클래스,0,3,39,"60,100",임한용,선더모카신,선시드,최봉주,16,5,2,0,1,0,4
46520,국제공항,2,3,36,0,배은정,언캡처드,스패니시젬,강환민,31,3,0,0,0,1,4
42742,국향,2,4,0,"15,330",박세용,포리스트캠프,디디스와일드캣,휴양마,999,14,0,1,1,0,6
44772,굿니센,1,3,35,"36,400",김지훈,한센,포추니틀리,박윤규,4,4,1,1,1,0,5
45884,굿사이먼,2,2,0,0,박준배,사이먼퓨어,능인장,최영주,3,2,0,0,0,0,6
45852,굿카보,0,2,0,"2,400",김지훈,카우보이칼,해피댄서,박윤규,4,3,0,0,0,0,6
45673,굿필승,1,4,91,"253,180",김지훈,DISTORTED HUMOR,ROSSEZZA,박윤규,4,13,5,4,1,1,1
42533,그랜드스타,1,4,29,"20,120",박정재,모던카우보이,엠제이스타,휴양마,999,12,0,2,1,0,5
45624,그랜드실버,1,2,0,0,박정재,커널존,와이어와이어,휴양마,999,1,0,0,0,0,6
43739,그랜드파워,1,3,28,"24,700",박정재,티즈원더풀,알찬우승,심승태,37,9,0,3,0,0,5
42951,그레이스리,0,4,0,"9,100",이창모,올드패션드,파인질주,박천서,54,5,0,0,2,0,6
40627,그레이스퀸,2,5,46,"111,810",정이철,피스룰즈,가문공주,홍대유,6,24,4,1,4,0,4
43411,그레이캣,1,4,80,"234,560",김명식,카우보이칼,플래쉬디만티너,서홍수,24,20,4,6,3,0,2
44685,그레이토르,0,3,34,"39,600",제일우,피스룰즈,위대한참전,안해양,26,6,1,2,0,0,5
43747,그레이트매직,0,3,0,"1,600",윤지중,사이먼퓨어,그레이트엔젤,최봉주,16,3,0,0,0,0,6
46258,그레이트선더,1,4,41,"77,410",조건진,애니기븐새터데이,대왕대비,최용건,51,12,2,2,1,0,4
45359,그로우,2,2,0,0,배석두,선더모카신,대효,김동균,52,1,0,0,0,0,6
38969,그린다르크,2,6,61,"228,890",김재영,애니기븐새터데이,매그니피션이미지,구자흥,7,33,5,3,3,0,3
44834,그린드래건,2,3,39,"67,400",김재영,아치아치아치,용두성,홍대유,6,6,2,1,0,0,4
43995,그린백,2,3,34,"58,050",이진경,커널존,스페셜킹덤,박천서,54,11,1,0,3,0,5
45813,그린불패,2,2,0,0,김재영,사이먼퓨어,대각힐원만,구자흥,7,1,0,0,0,0,6
45697,그린스파크,2,2,42,"115,250",김재영,라이언메탈,레이디프레스카,홍대유,6,4,2,1,0,0,4
45654,그린질주,2,4,40,"43,400",김재영,FLAT OUT,OH CARAMEL,휴양마,999,14,1,0,1,1,4
42799,그린폭주,2,4,36,"83,720",김재영,올드패션드,지봉블루,휴양마,999,23,1,3,3,0,4
42564,그린필스타,2,4,29,"36,980",김재영,투아너앤드서브,라이트마이월드,홍대유,6,15,1,1,2,0,5
46445,글로리뷰,0,3,36,0,김봉섭,오버애널라이즈,DEBASE THE DOLLAR,휴양마,999,4,0,0,0,1,4
45892,글로리앤아너,2,2,0,0,박정배,투아너앤드서브,벤트온글로리,김동균,52,2,0,0,0,0,6
46015,글로리케이,2,2,29,"26,400",강경운,테이크차지인디,한반도정복,배대선,20,2,0,2,0,0,5
45266,글로벌강타,1,2,0,"8,600",장재형,카우보이칼,스타어브아바,최상식,28,4,0,0,1,0,6
41091,글로벌골드,0,5,44,"123,370",장재형,선더모카신,캐노피로드,최상식,28,21,3,0,5,0,4
43589,글로벌럭키,2,5,38,"60,160",장재형,STAY THIRSTY,SHORT IRON,최상식,28,27,0,1,3,1,4
44465,글로벌매직,1,3,38,"76,000",장재형,카우보이칼,블루제라늄,최상식,28,12,1,2,3,0,4
43713,글로벌보배,1,3,50,"125,400",장재형,카우보이칼,이상화,최상식,28,8,3,1,2,0,4
43495,글로벌삭스,0,5,78,"228,090",김창식,MUNNINGS,LET IT GO LADY,강성오,9,16,5,4,1,1,2
40327,글로벌선,2,5,44,"122,250",장재형,한센,그라운드룰러,최상식,28,27,4,1,2,0,4
43100,글로벌스톰,0,4,37,"51,200",장재형,엑스플로잇,미스퍼스낼러티,최상식,28,18,2,0,1,0,4
44920,글로벌신화,1,4,54,"90,800",장재형,섀클포드,AMERICAN COUNTY,최상식,28,13,1,4,3,1,3
43109,글로벌영웅,1,4,51,"112,060",장재형,테이크차지인디,모테가,최상식,28,19,3,3,2,0,3
45425,글로벌찬가,2,2,32,"46,200",장재형,한센,님의찬가,최상식,28,2,1,1,0,0,5
44495,글로벌캐슬,2,3,30,"15,350",송한우,카우보이칼,하버걸,홍대유,6,6,1,0,0,0,5
41745,글로벌캡틴,1,6,110,"560,050",장재형,MUNNINGS,QUEEN MERCURY,정호익,10,27,8,1,3,1,1
45635,글로벌파워,1,2,31,"44,400",장재형,카우보이칼,라이드미투더문,최상식,28,4,1,0,1,0,5
43708,글로벌프라임,2,3,30,"36,950",장재형,메니피,드림딜라이트,최상식,28,8,1,1,1,0,5
38851,금로열,1,6,70,"238,760",배태곤,채플로열,싱그러운초원,우창구,5,28,5,4,2,0,2
46188,금빛마,1,2,0,"21,800",(주)디알엠씨티,카우보이칼,스피닝얀,이관호,42,4,0,1,1,0,6
45371,금빛천하,1,2,0,0,퍼플라인,퍼지,금빛공주,신삼영,41,1,0,0,0,0,6
42830,금성세계,1,4,30,"26,260",조창규,컬러즈플라잉,멋진세계,박재우,50,14,1,1,2,0,5
44136,금성스피드,2,3,30,"20,600",조창규,한센,블루차밍,휴양마,999,7,1,0,1,0,5
45804,금성시대,1,2,0,"6,000",조창규,콩코드포인트,할란즈크라운,휴양마,999,2,0,0,0,0,6
44138,금성크라운,1,3,44,"51,750",조창규,유로실버,할란즈크라운,휴양마,999,8,2,0,2,0,4
45971,금성탈환,1,2,0,0,조창규,지롤라모,레모니시마,손영표,2,1,0,0,0,0,6
44546,금성환희,1,3,33,"33,350",조창규,애니기븐새터데이,레모니시마,손영표,2,12,1,2,0,0,5
43400,금세다,0,4,41,"71,340",배태곤,테스타마타,금순이검지,박병일,27,24,2,2,2,0,4
42353,금아스위프트,0,4,27,"24,200",금아산업(주),카우보이칼,메이크잇애니웨어,휴양마,999,15,0,2,2,0,5
44694,금아시크,2,3,27,"25,200",금아산업(주),ENGLISH CHANNEL,아켈레오,리카디,34,7,0,2,1,0,5
38457,금아애크미,1,6,81,"345,010",금아산업(주),홍지,미스트래블린,휴양마,999,25,6,3,2,0,1
45763,금아얼루어,2,2,27,"25,400",금아산업(주),카우보이칼,이상화,이관호,42,5,0,0,3,0,5
44708,금아위티,2,3,0,"6,350",금아산업(주),퍼지,이월,박천서,54,8,0,0,1,0,6
45516,금아파이어리,1,2,0,0,금아산업(주),퍼지,인디언파크,이준철,48,1,0,0,0,0,6
43761,금아포쉬,2,3,0,0,금아산업(주),한센,행주산성,리카디,34,1,0,0,0,0,6
41898,금자유,2,5,60,"155,090",배태곤,MORNING LINE,FREEDOM FIRE,박병일,27,26,2,3,3,1,3
46474,기쁨환호,1,2,28,"28,800",김경남,제이피즈거스토,테이크미어웨이투,이준철,48,3,0,2,0,0,5
42802,김천영웅,0,4,40,"32,780",말사모,록하드텐,뜨거운환호,최영주,3,10,1,2,1,0,4
43170,깡돌이,2,4,26,"30,800",김영진,한센,리걸멕,서홍수,24,20,0,2,2,0,5
45522,꿈의순간,2,2,0,"13,200",정형철,메니피,프리릴리스,송문길,40,1,0,1,0,0,6
43290,나나랜드,2,4,27,"20,200",이관형,테이크차지인디,찬란한여명,휴양마,999,9,0,2,1,0,5
45194,나노메타,1,2,34,"54,400",임두인,페더럴리스트,얼음공주,안해양,26,3,0,2,1,0,5
44771,나올세상,2,3,32,"16,750",이경호a,한센,커리큘러,휴양마,999,5,1,0,0,0,5
46099,나올스나이퍼,1,2,48,"104,950",이경호a,투아너앤드서브,가니쉬드웨이지스,이준철,48,5,3,1,0,0,4
46378,나올스카이,2,2,0,"2,400",이경호a,FED BIZ,페퍼딘걸,휴양마,999,2,0,0,0,0,6
45257,나올시대,1,2,0,0,이경호a,MACLEAN'S MUSIC,더파워오브스포트,조현수,11,1,0,0,0,0,6
44334,나올에이스,1,3,30,"25,250",이경호a,한센,어너러리갤럽,휴양마,999,5,1,0,0,0,5
45886,나올천지,2,2,31,"41,400",이경호a,투아너앤드서브,와일드캣,곽영효,19,2,1,0,1,0,5
44340,나올킹,0,3,0,"8,800",이경호a,카우보이칼,그리자이,김동철,53,2,0,1,0,0,6
46372,나올탱크,1,2,0,"3,000",이경호a,TAPWRIT,릴화이트도브,조현수,11,1,0,0,0,0,6
45541,나올행복,2,2,0,0,이경호a,카우보이칼,호니미에르,곽영효,19,1,0,0,0,0,6
44152,나우누리,2,3,27,"12,000",최장석,피스룰즈,필잇나우,김윤섭,32,6,0,2,0,0,5
42706,나의나라,0,4,44,"74,250",이관형,카우보이칼,배블레이디,휴양마,999,10,2,2,2,0,4
42297,나인아이,1,4,36,"78,560",금악목장,메니피,럼시더,심승태,37,24,1,5,2,0,4
43225,남산꽃,2,4,30,"23,000",이기선,피스룰즈,핫실버,전승규,25,6,1,0,2,0,5
45659,남산러브,0,4,43,"37,800",이기선,CARPE DIEM,RIBBON TAFFY,리카디,34,12,1,0,0,1,4
43840,남산무적,1,3,31,"26,450",이기선,메니피,스마트어트랙션,강성오,9,7,1,0,2,0,5
42947,남산시대,1,4,71,"166,000",이기선,카우보이칼,절호찬스,휴양마,999,10,4,4,1,0,2
45208,남산의별,1,4,85,"256,220",이기선,DIALED IN,CALL THE KITTY,리카디,34,21,4,3,6,1,1
44929,남산주몽,0,4,37,0,이강운,플래시백,TALES OF PARADISE,토니,30,2,0,0,0,1,4
43041,남산초콜릿,2,4,45,"67,930",이기선,포리스트캠프,촐룰라캣,토니,30,18,2,3,0,0,4
43725,남산호랑이,0,3,31,"39,600",이기선,테스타마타,올와이즈,리카디,34,8,1,0,1,0,5
46043,낭주여걸,2,2,0,"4,800",전영규,테이크차지인디,에스퀸,서홍수,24,2,0,0,0,0,6
44373,내길의별,1,3,28,"19,250",유종국,페더럴리스트,싱가포르드림,홍대유,6,9,1,0,1,0,5
45571,내길의퀸,2,2,0,"3,000",유종국,경부대로,둘세레알리다드,이신영,14,1,0,0,0,0,6
43879,너를응원해,2,3,0,"19,700",임동현,NOT THIS TIME,크래프티블루카트,이준철,48,10,0,1,1,0,6
45177,너트플레이,1,2,33,"45,550",조현영,컬러즈플라잉,스페이스셔틀,최영주,3,5,1,1,0,0,5
45889,네모스피릿,2,2,0,0,박정배,사이먼퓨어,야호돌핀스,신삼영,41,1,0,0,0,0,6
44108,네모프린세스,2,3,68,"181,500",박정배,CAIRO PRINCE,프라그노시스,휴양마,999,10,4,2,1,0,2
45885,네모프린스,1,2,30,"38,000",최지욱,경부대로,스테인드글라스,김동균,52,5,1,0,0,0,5
44532,네버네버스톱,0,3,0,"1,600",서창식,GIG HARBOR,슈가캐인로열티,서범석,12,6,0,0,0,0,6
45771,네버어게인,0,2,0,0,한명로,투아너앤드서브,파티레이나,휴양마,999,1,0,0,0,0,6
45220,네이비크롬,2,2,0,"12,150",최상기,CALIFORNIA CHROME,네이블커맨드,정호익,10,2,0,0,1,0,6
45496,넥스트레벨,2,2,0,0,오종환,포리스트캠프,인디고노스,심승태,37,4,0,0,0,0,6
46505,노던타임,0,4,71,"165,700",최상일,NOT THIS TIME,STELLA PRIMA,서인석,33,13,4,1,2,1,2
43416,논스톱기상,0,4,40,"57,730",태립,테이크차지인디,하늘기상,신삼영,41,18,2,2,0,0,4
44925,논스톱리워드,0,4,54,"96,000",태립,TAPIZAR,LADY ASPEN,신삼영,41,14,2,1,1,1,3
38756,논스톱위닝,0,6,29,"49,970",태희종합건설,어플리트어게인,남행열차,유재길,23,24,1,2,4,0,5
43164,논스톱캣,2,4,40,"50,640",태립,머스킷맨,헤이스트,서범석,12,13,1,3,2,0,4
43125,농본바다,2,4,51,"109,310",김용래,LOOKIN AT LUCKY,라인잇업,배대선,20,18,3,2,4,0,3
43656,누비강자,1,3,38,"52,550",천병득,유로실버,누비퀸,서인석,33,12,2,0,2,0,4
42566,누비고,1,4,27,"30,930",천병득,테스타마타,누비퀸,서인석,33,17,1,1,0,0,5
40479,뉴문워리어,0,5,51,"155,360",최종환,피스룰즈,뉴문온먼데이,송문길,40,21,3,3,2,0,3
43145,뉴스마트,2,4,26,"13,750",김태성,BARBADOS,렛미스큐어퀘스천,심승태,37,17,0,1,2,0,5
42999,뉴스타영천,1,4,29,"29,870",영천시청,메니피,보자르,강환민,31,8,1,0,1,0,5
44591,뉴청파,1,3,31,"13,750",김창국,투아너앤드서브,언큐어드디자이어,최영주,3,6,1,0,0,0,5
46446,뉴킹맨,1,3,42,"18,600",박평양,DISTORTED HUMOR,GOLDEN FLAIR,박윤규,4,5,0,1,0,1,4
46189,늘가을,1,2,0,0,이종길,퍼지,허리케인드림,배휴준,29,1,0,0,0,0,6
39094,님의향기,1,6,71,"312,160",한명로,포리스트캠프,빅터우먼,토니,30,36,3,6,9,0,2
44539,다나은로즈,2,3,0,"8,000",이진경,에치드,홀리워크,구자흥,7,3,0,1,1,0,6
45854,다산질주,1,2,0,0,김영근,콩코드포인트,로렌브레이,김동균,52,1,0,0,0,0,6
45897,다시태어나도,2,2,0,"2,400",우태율,컬러즈플라잉,퀸즈스텝,안병기,22,1,0,0,0,0,6
44095,다운더존,2,3,29,"35,200",양순희,한센,감화력,휴양마,999,10,1,0,2,0,5
43434,다울퀸,2,4,22,"27,360",김봉겸,컬러즈플라잉,글로리어스돈,배대선,20,19,1,1,2,0,5
42744,다이아마이트,2,4,28,"19,620",우태율,한센,불꽃기상,안병기,22,9,1,0,0,0,5
41258,다이아키,1,5,43,"131,530",강종우,백광,골드럭키,배대선,20,20,3,0,3,0,4
43767,다이아파워캣,2,3,37,"40,450",강균호,사이먼퓨어,다이아파워,휴양마,999,8,1,1,1,0,4
44319,다크존,1,3,0,"2,850",전종섭,지롤라모,다크레이디,휴양마,999,3,0,0,0,0,6
41689,다크플레이어,1,6,83,"315,050",박남성,MAJESTIC WARRIOR,SMOKEY GLACKEN,이관호,42,34,3,6,3,1,1
44353,다프네,2,3,42,"70,900",이건행,메니피,행운성,이신영,14,8,2,1,1,0,4
45719,달금,2,2,0,"19,200",임흥호,퍼지,천은,휴양마,999,3,0,0,2,0,6
45431,당찬낭보,2,2,0,0,박철근,애니기븐새터데이,럭키뮤직,임채덕,35,2,0,0,0,0,6
44950,당찬세력,0,4,36,"11,540",김기종,DOMINUS,QUEEN MERCURY,휴양마,999,9,0,0,0,1,4
39753,대군파워,0,6,51,"163,260",표종순,THE FACTOR,칼람바,구자흥,7,29,3,3,4,0,3
45779,대륜시대,2,2,0,0,퍼플라인,STREET BOSS,번레거시,신삼영,41,1,0,0,0,0,6
44899,대륜함성,1,3,0,0,희망홀스,애니기븐새터데이,디바인신디,휴양마,999,3,0,0,0,0,6
39463,대마지풍,0,6,24,"28,880",강태구,비와신세이키,골드퓨처즈,박병일,27,17,1,0,2,0,5
44399,대물,0,3,55,"104,600",조명식,메니피,아이즈어글로우,안병기,22,8,3,2,1,0,3
45975,대박삭스,1,2,0,"3,000",김창식,올드패션드,렌드,강성오,9,1,0,0,0,0,6
44515,대박스타,1,3,27,"29,150",오종환,유로실버,나라오름,김동철,53,8,0,2,1,0,5
40110,대박행진,2,6,70,"201,750",최수군,JIMMY CREED,SHE'S AN ALPHA GAM,휴양마,999,31,1,7,2,1,2
44821,대사리,0,3,36,"55,000",노만영,아치아치아치,뷰티이천,리카디,34,5,2,0,0,0,4
43088,대산특급,1,4,47,"84,200",말사모,커널존,대산여제,구자흥,7,12,4,0,1,0,4
43007,대세만세,2,4,36,"60,280",신영식,테이크차지인디,스톰라이더,박희철,15,14,2,1,1,0,4
40549,대승가온,2,5,0,"16,800",문석현,컬러즈플라잉,한샘가온,휴양마,999,22,0,0,2,0,6
41986,대완구,0,4,38,"67,400",김진영a,피스룰즈,스피닝윈드,김동균,52,15,2,0,6,0,4
45508,대왕삭스,1,2,0,0,김창식,한센,와우캣,강성오,9,1,0,0,0,0,6
40675,대지의여인,2,5,63,"166,240",김세민,사이먼퓨어,캐치더스피릿,강성오,9,15,6,1,1,0,3
43937,대천뷰티,1,3,27,"25,150",김경민,포리스트캠프,뷰티풀태시,최봉주,16,7,0,2,1,0,5
42932,대천얼짱,0,4,40,"61,800",김경민,프라이빗보우,얼짱불패,휴양마,999,13,2,3,1,0,4
43935,대천챔프,2,3,0,"1,000",김경민,포리스트캠프,무적의챔프,최봉주,16,5,0,0,0,0,6
42821,대한질주,1,4,109,"419,970",박재범,CONGRATS,라이트유어월드,김동철,53,16,8,4,1,0,1
46016,대흥클래스,1,2,0,0,임한용,콩코드포인트,록오브선더,최상식,28,2,0,0,0,0,6
42053,댄싱위드유,2,4,30,"38,820",서순배,한센,캔디아이,이희영,13,16,1,1,3,0,5
41900,더검푸,0,5,109,"316,800",한명로,STRONG MANDATE,JESTER,토니,30,25,6,3,2,1,1
45692,더드림캐리어,2,4,38,0,서창식,EUROZONE,LECHERY,신삼영,41,1,0,0,0,1,4
46061,더록선샤인,1,2,0,0,손칠규,포리스트캠프,아라비안버드,임채덕,35,1,0,0,0,0,6
43796,더리퍼,1,3,40,"73,800",한명로,한센,제이스톤,토니,30,15,1,5,1,0,4
42810,더블블랙,2,4,43,"105,100",강무웅,올드패션드,검은요정,최용구,8,15,3,1,0,0,4
45088,더블에지,1,3,52,"243,100",(주)인펨,카우보이칼,블레이드즈에지,안해양,26,11,1,3,3,0,3
43317,더블테이크,2,4,27,"28,970",김성래,테이크차지인디,럭키시스터,안해양,26,17,0,2,2,0,5
41796,더스파이커,1,6,56,"138,290",(주)일진코스메틱,언캡처드,POPULARAFTERSCHOOL,이신영,14,28,1,3,3,1,3
43314,더퀸저스티스,2,4,42,"105,520",(주)인펨,메니피,꽃마루,휴양마,999,20,2,4,3,0,4
43466,더트서퍼,0,5,43,"65,600",태립,LOOKIN AT LUCKY,MIDTOWN MISS,유재길,23,23,2,0,0,1,4
42737,더파이팅,1,4,30,"34,360",김정철,커널존,윌링미스,박병일,27,15,1,1,2,0,5
44270,더페이버릿,2,3,30,"39,750",오종택,한센,레이디즈안트레몬,박재우,50,10,0,2,2,0,5
43999,데블케이,1,3,0,"10,350",강경운,지롤라모,플리트비체,강환민,31,6,0,0,2,0,6
43193,데스크탑,1,4,25,"39,030",조금제,선더모카신,키튼즈프라이드,배휴준,29,22,1,1,2,0,5
42662,델피니,2,4,25,"12,280",이한준,카우보이칼,드림딜라이트,휴양마,999,10,0,0,3,0,5
45656,도깨비,0,4,39,"37,500",피닉스,PALACE,POMPOUS LADY,조현수,11,12,0,1,2,1,4
45527,도끼불패,1,2,30,"33,000",김형란,카우보이칼,진저러시,이준철,48,1,1,0,0,0,5
38910,도끼블레이드,1,6,100,"616,450",김형란,오피서,앨리스프레모,토니,30,21,5,6,0,0,1
45370,도리포,2,2,0,0,이진경,에치드,최고야최고,박천서,54,1,0,0,0,0,6
44635,돈마,1,3,30,"22,000",김두식,클리어어템프트,시크릿킨,강성오,9,2,1,0,0,0,5
41667,돌격앞으로,2,6,50,"121,290",민홍기,MACLEAN'S MUSIC,LONE PEAK,최봉주,16,33,1,3,4,1,4
43703,돌배,2,3,29,"18,150",임한용,올드패션드,은빛투혼,최상식,28,8,1,0,0,0,5
38073,돌아온날리,1,8,66,"192,100",태희종합건설,ALGORITHMS,WHITELACENPROMISES,신삼영,41,42,1,4,6,1,2
43452,돌아온뽀빠이,0,5,73,"246,480",이영해,CONSTITUTION,NAUGHTY HOLIDAY,최용구,8,25,2,5,8,1,2
38099,돌콩,1,8,132,"1,421,300",이태인,AFLEET ALEX,SWAMPOODLE,배대선,20,16,8,3,0,1,1
43823,동방사기,2,3,0,"3,600",함평제일,콩코드포인트,소노라선셋,휴양마,999,8,0,0,0,0,6
44156,동방의혼,1,3,26,"16,600",서상주,피스룰즈,유정여장군,서인석,33,10,0,0,3,0,5
43422,동서여걸,2,4,28,"26,000",김명식,카우보이칼,동서대륙,서홍수,24,21,1,1,1,0,5
42114,동진최강,1,4,68,"146,030",민규동,오피서,푸른미소,박윤규,4,13,5,2,0,0,2
44409,동트자웨이,1,3,0,"6,100",김평갑,티즈웨이,동트자,휴양마,999,4,0,0,1,0,6
42244,동행,2,4,37,"49,450",배은정,미스치비어슬리,레디나우,휴양마,999,8,2,2,0,0,4
43731,두손드라이브,1,3,31,"26,950",이도명,한센,홀리드라이브,박재우,50,7,1,1,0,0,5
45147,두손멍군,1,4,65,"160,670",이도명,RAISON D'ETAT,재쯔,정호익,10,21,1,5,4,1,3
45146,두손장군,1,4,65,"138,230",이도명,BROKEN VOW,어바이드,휴양마,999,19,3,2,0,1,3
51987,두손챔프,2,2,38,0,이도명,MINESHAFT,SLY HUMOR,정호익,10,1,0,0,0,1,4
45957,두손클래식,2,2,27,"33,300",이도명,컬러즈플라잉,클래시컬휴머,정호익,10,4,0,1,2,0,5
44698,두손판타스틱,1,3,43,"100,600",이도명,SHAKIN IT UP,티즈판타스틱,정호익,10,14,2,2,2,0,4
45433,드래곤스타,1,2,32,"46,000",송창오,투아너앤드서브,퍼리지안,휴양마,999,4,1,1,1,0,5
43293,드림노크,2,4,63,"168,950",드림커뮤니티,테이크차지인디,레드뎀,김동균,52,15,4,3,3,0,3
44085,드림로즈,2,3,0,"6,100",드림커뮤니티,티즈원더풀,검화,휴양마,999,4,0,0,1,0,6
42063,드림맥스,2,4,54,"128,320",김호진,컬러즈플라잉,파이어러츠댄서,조현수,11,18,3,4,1,0,3
45835,드림스카이,2,2,0,"24,000",박덕희,위드디스팅션,세미놀선샤인,임채덕,35,5,0,1,1,0,6
44510,드림스피드,2,3,45,"83,750",남기태,투아너앤드서브,포춘드림,리카디,34,15,1,5,2,0,4
43312,드림여왕,2,4,42,"49,550",임재형,어드마이어돈,천상의여왕,휴양마,999,8,2,0,1,0,4
46295,드림윈디,1,2,0,0,이종훈,컬러즈플라잉,배블클래식,송문길,40,1,0,0,0,0,6
44327,드림케이,2,3,43,"52,800",강경운,MUNNINGS,왝스엠파이어,김윤섭,32,4,2,1,0,0,4
41300,드림패션,1,5,56,"133,240",드림커뮤니티,올드패션드,본프로스펙터,박병일,27,18,3,4,2,0,3
44800,디바인퓨처즈,1,3,28,"25,600",김정철,디바인파크,골드퓨처즈,최용건,51,11,0,1,2,0,5
46253,디스챌린지,0,4,51,"66,250",최상일,NOT THIS TIME,MISS CHALLENGE,서인석,33,12,1,2,1,1,3
43860,디스코보이,0,3,0,"1,000",희망홀스,테이크차지인디,토츠어돕스,휴양마,999,5,0,0,0,0,6
41101,디에코,2,5,41,"90,450",안희철,피스룰즈,오리엔탈패스,이준철,48,25,2,2,5,0,4
44324,디자이어투윈,0,3,0,0,오종택,선더모카신,퀸즈스텝,최용건,51,2,0,0,0,0,6
40505,디터미네이션,1,5,82,"425,380",청메이칭,컬러즈플라잉,레이티스트스쿠프,서범석,12,19,6,2,4,0,1
39575,딕시어게인,0,6,97,"353,460",정영식,엑톤파크,와일드딕시갤,휴양마,999,20,8,2,2,0,1
45432,딘시챔프,2,2,0,0,이성재,커널존,웰빙퀸,배휴준,29,1,0,0,0,0,6
41045,땡큐대천,1,5,38,"51,600",강용식,프라이빗보우,시홀리,정호익,10,14,2,0,1,0,4
44627,떠오르다,2,3,40,"66,750",황경호,메니피,패션트렌드,휴양마,999,10,2,3,0,0,4
42785,라게르타,2,4,36,"50,650",이성영,티즈원더풀,새터데이나이츠럿,이신영,14,18,3,0,0,0,4
46353,라누트,2,2,30,"33,000",임종근,한센,골드플라이어,박윤규,4,3,1,0,0,0,5
44041,라로마네,2,3,33,"38,050",박병룡,볼포니,토종고수,박천서,54,10,1,1,3,0,5
42132,라스트보스,1,4,40,"87,440",김선식,테이크차지인디,신속돌파,심승태,37,28,2,3,2,0,4
43133,라스트콜,1,4,0,"4,750",투애니포,커널존,라스트코디,손영표,2,12,0,0,0,0,6
44358,라스트펀치,2,3,39,"87,100",강승연,커널존,라스트코디,곽영효,19,11,1,3,2,0,4
45956,라스트피치,1,2,0,0,이재원,카우보이칼,서브잇콜드,이관호,42,3,0,0,0,0,6
42252,라온다이아,2,4,48,"107,590",손광섭,머스킷맨,토미켄스프링,박종곤,1,14,2,2,4,0,4
44624,라온더골드,2,3,46,"96,500",손광섭,머스킷맨,라온루비,박종곤,1,9,3,1,0,0,4
43978,라온더스퍼트,2,3,86,"587,800",손천수,머스킷맨,토미켄스프링,박종곤,1,11,5,4,1,0,1
44519,라온더아리아,2,3,54,"145,600",손광섭,머스킷맨,클라린더,박종곤,1,7,4,1,1,0,3
44501,라온더와일드,1,3,26,"23,750",손광섭,애니기븐새터데이,라온챔버,박종곤,1,13,1,0,0,0,5
43977,라온더위켄드,2,3,28,"21,000",손천수,선더모카신,마이네샹젤리제,박종곤,1,8,1,0,0,0,5
44205,라온더제트,1,3,53,"126,400",손천수,머스킷맨,토니위드앤아이,박종곤,1,7,4,0,0,0,3
45708,라온더찰리,0,2,0,0,손천수,머스킷맨,미스콘체르토,박종곤,1,2,0,0,0,0,6
45200,라온더코브라,1,2,0,"11,100",손천수,머스킷맨,라온카리스,휴양마,999,2,0,0,1,0,6
45198,라온더퀄리티,2,2,0,"3,000",손천수,머스킷맨,토미켄스프링,박종곤,1,3,0,0,0,0,6
42251,라온더타이거,0,4,42,"77,500",손천수,애니기븐새터데이,어테일어브투키티,박종곤,1,18,2,3,2,0,4
43696,라온더특급,0,3,32,"40,850",손광섭,머스킷맨,라온볼드,박종곤,1,8,1,0,1,0,5
42645,라온더파이터,1,4,137,"1,488,650",손천수,바이언,클라린다,박종곤,1,15,12,3,0,0,1
44204,라온더펄,2,3,42,"59,100",손광섭,티즈원더풀,숍인밀라노,박종곤,1,8,2,1,0,0,4
45172,라온더플래터,2,2,0,"3,000",손천수,GREENPOINTCRUSADER,플래터미잰자,박종곤,1,3,0,0,0,0,6
45197,라온더하이맨,1,2,28,"28,400",손천수,머스킷맨,선샷,박종곤,1,4,0,2,0,0,5
42221,라온비트,0,4,76,"198,160",손광섭,머스킷맨,라온볼드,박종곤,1,16,5,2,5,0,2
42250,라온샹젤리,2,4,56,"109,970",손광섭,머스킷맨,마이네샹젤리제,박종곤,1,15,2,5,1,0,3
45280,라온슈퍼킹,1,2,0,0,손광섭,테이크차지인디,검은나비,박종곤,1,2,0,0,0,0,6
45196,라온스파이크,2,2,0,"8,400",손천수,머스킷맨,라온발리,박종곤,1,2,0,0,1,0,6
45195,라온시티걸,2,2,0,"8,400",손광섭,CARPE DIEM,새터데이나이트라,박종곤,1,2,0,0,1,0,6
45788,라온아메리칸,1,2,0,"23,200",손광섭,머스킷맨,라온챔버,박종곤,1,3,0,1,1,0,6
45709,라온에어포스,1,2,0,0,손광섭,투아너앤드서브,영원한행복,박종곤,1,1,0,0,0,0,6
45199,라온자이언트,2,2,44,"57,000",손광섭,머스킷맨,라온볼드,박종곤,1,3,2,0,0,0,4
45786,라온점프,2,2,0,"3,000",손광섭,머스킷맨,라온리치,박종곤,1,2,0,0,0,0,6
40558,라온탑맨,0,5,97,"366,550",손광섭,머스킷맨,라온챔버,박종곤,1,20,5,6,4,0,1
41304,라온패션,0,5,73,"217,850",손천수,올드패션드,토니위드앤아이,박종곤,1,19,4,4,2,0,2
40560,라온퍼스트,2,5,120,"1,546,550",손천수,머스킷맨,핑크캔디,박종곤,1,20,11,1,4,0,1
46086,라온포레스트,2,2,28,"30,800",손광섭,한센,라온나리,박종곤,1,4,0,2,0,0,5
42461,라온핑크,2,4,75,"357,850",손천수,머스킷맨,핑크캔디,박종곤,1,14,6,3,0,0,2
45707,라온홀리데이,1,2,0,0,손광섭,머스킷맨,머제스틱엠프리스,박종곤,1,2,0,0,0,0,6
40786,라이드럭키,0,5,58,"113,050",박덕희,포리스트캠프,퍼스트스테이지,임채덕,35,14,4,1,0,0,3
45671,라이오넷,2,4,36,"15,550",최상기,GEMOLOGIST,PUMPKIN SHELL,서인석,33,12,0,0,1,1,4
43848,라이징호크,2,3,39,"66,800",홍종철,메니피,겨울왕국,휴양마,999,9,2,1,2,0,4
41646,라피도아레스,2,5,62,"174,520",허장원,라이언메탈,트라피컬선셋,송문길,40,17,5,3,1,0,3
42159,라피어반,2,4,54,"120,110",임종근,STRONG MANDATE,미스메리케이,서범석,12,14,3,3,1,0,3
44276,랠리퀸,2,3,29,"16,000",최동근,카우보이칼,클레버타이밍,휴양마,999,10,1,0,0,0,5
44111,러너몬스터,1,3,28,"15,750",손학봉,사이먼퓨어,대각힐원만,최영주,3,13,0,2,1,0,5
42724,러닝넘버원,1,4,52,"116,940",(주)디알엠씨티,테이크차지인디,위티레이디,배대선,20,22,2,5,1,0,3
45118,러블리케이,2,4,69,"149,600",강경운,CAIRO PRINCE,MEDICINE BUTTE,우창구,5,18,4,1,2,1,2
50160,러피언이글,2,3,0,"1,250",박종율,엑톤파크,아오모리특급,김동철,53,6,0,0,0,0,6
44190,럭센,1,3,0,"7,750",손칠규,세트피스,마법의순간,임채덕,35,14,0,1,0,0,6
40622,럭셔리캡틴,0,5,50,"89,440",박정재,윈체스터,카이제린,심승태,37,16,3,2,2,0,4
43407,럭셔리킹,1,4,24,"28,710",김명식,리미트리스비드,럭셔리퀸,김동철,53,27,1,0,2,0,5
41118,럭키법전,1,5,70,"230,190",럭키팜,한센,돈스피치,박재우,50,21,5,4,4,0,2
47375,럭키선,1,2,40,"55,000",(주)인펨,커널존,블레이드즈에지,안해양,26,2,2,0,0,0,4
42593,럭키월드,1,4,59,"131,320",윤대우,한센,프리트인그란,김동균,52,18,3,4,3,0,3
45087,럭키인디,2,3,31,"32,300",김성래,지롤라모,뉴미디어,안해양,26,11,1,1,1,0,5
42344,럭키재산,2,4,67,"182,440",럭키팜,한센,미스로브,휴양마,999,11,5,1,2,0,2
43692,럭키크라운,2,3,29,"37,350",이미경,지롤라모,퍼리지안,배휴준,29,12,1,0,1,0,5
42861,럭키클럽,0,4,21,"51,950",이본희,사이먼퓨어,센트럴코스트,박윤규,4,17,1,0,1,0,5
45307,럭키파워,1,2,33,"69,900",럭키팜,메니피,오버파워,박재우,50,5,1,2,1,0,5
46197,럭키허니,2,2,0,0,윤대우,콩코드포인트,모어인트리그,김동균,52,2,0,0,0,0,6
45126,럭키훈,0,4,57,"76,540",최기영,TAPITURE,HOLY FASHION,전승규,25,15,2,1,3,1,3
44225,런던명가,1,3,30,"16,950",임현성,테이크차지인디,새로운가문,안해양,26,6,1,0,0,0,5
45409,런던비상,2,2,0,0,임현성,지롤라모,런키튼런,휴양마,999,3,0,0,0,0,6
44004,런던스카이,1,3,31,"48,400",임재형,콩코드포인트,소백수,안해양,26,10,1,0,2,0,5
43063,런던스피드,2,4,36,"47,600",임현성,커널존,오리엔탈패스,안해양,26,13,2,1,1,0,4
42397,런던액티브,2,4,50,"92,450",임현성,커널존,아르누보,휴양마,999,17,2,4,0,0,4
45994,런던에이스,2,2,0,"8,400",임현성,테이크차지인디,에이원,휴양마,999,2,0,0,1,0,6
42876,런던퀸,2,4,29,"41,570",임현성,유로실버,퀸즈스텝,이희영,13,17,1,1,2,0,5
42695,런던파워,2,4,28,"24,660",임현성,올드패션드,로빈즈레인,이희영,13,13,1,0,2,0,5
42448,런런런,1,4,41,"61,500",청메이칭,피스룰즈,행운성,서범석,12,19,1,3,2,0,4
44689,런보이런,0,3,42,"58,400",김길중,밥앤드존,댄싱위드스타즈,안해양,26,6,2,1,1,0,4
42632,레드백,1,4,61,"141,310",윤훈현,피스룰즈,포리스트플라워,휴양마,999,15,4,1,3,0,3
45354,레드태풍,2,2,0,0,제일우,투아너앤드서브,레드벅,안해양,26,1,0,0,0,0,6
46178,레몬블레이드,1,2,0,0,김병진,카우보이칼,메이저즈걸Ⅱ,강환민,31,2,0,0,0,0,6
41476,레이디켈리,2,5,79,"353,450",(주)인펨,디바인파크,빅터우먼,휴양마,999,21,6,1,5,0,2
38949,레이먼드,1,6,76,"430,600",박남성,와이와이와이,셀시,이관호,42,37,5,3,9,0,2
43821,레이볼트,2,3,27,"16,300",희망홀스,메니피,러브투러브,박천서,54,8,0,2,0,0,5
52034,레이스위너,2,2,50,"41,250",에스지이건설,레이스데이,PUUKU,정호익,10,1,1,0,0,1,4
44969,레전드데이,1,4,98,"328,770",양순희,레이스데이,SAKRA,김동균,52,17,8,3,1,1,1
44453,레전드삭스,2,3,31,"23,400",김창식,카우보이칼,액셉팅페이트,강환민,31,4,1,0,0,0,5
46297,레전드케이,1,2,0,0,강경운,선더모카신,영크라운,배대선,20,1,0,0,0,0,6
43556,로드반,1,5,76,"192,750",임종근,MALIBU MOON,MELANCHOLY,서범석,12,12,3,3,3,1,2
43662,로드에이스,1,3,31,"39,950",손병철,라이언산타,청산도,김동철,53,10,1,1,1,0,5
42355,로스트워,2,4,25,"19,040",피엔에스홈즈,TOURIST,아가워,휴양마,999,20,0,1,2,0,5
43201,로열로드,0,4,53,"101,240",손병현,어플릿익스프레스,오피서레이디,안병기,22,18,3,3,4,0,3
45844,로열장다크,2,2,0,0,이장호 ,영천에이스,고스틀리갤,최용건,51,1,0,0,0,0,6
43516,로열태리,1,5,36,"8,470",이장호 ,BODEMEISTER,SILKY OMEGA,강성오,9,5,0,0,0,1,4
44940,로열함성,0,5,36,"26,400",황의영,MONGOLIAN KHAN,TINKERMIA,이관호,42,22,0,0,2,1,4
44029,로즈골드,0,3,29,"27,850",황혜정,볼포니,로열리뷰,임채덕,35,11,0,2,2,0,5
52003,로터스미르,2,2,38,"3,750",허윤범,FROSTED,ERMINE SLIPPERS,서홍수,24,1,0,0,0,1,4
40946,록라인,1,5,75,"228,990",소태영,록하드텐,구룡령,최영주,3,26,5,3,3,0,2
43550,록의제왕,1,5,69,"187,720",정영식,CONSTITUTION,MAYAN MILAGRA,휴양마,999,18,3,2,2,1,2
46010,록임팩트,1,2,0,"4,800",본투런,록하드텐,마이티엔젤,박병일,27,4,0,0,0,0,6
43137,록파이터,1,4,48,"90,840",강승연,록하드텐,올블레싱즈,휴양마,999,16,3,2,2,0,4
44382,루나실버,2,3,42,"69,200",공이공팔,사이먼퓨어,로렌브레이,김동균,52,10,2,2,1,0,4
42418,루미너스퀸,2,4,44,"57,300",손학봉,사이먼퓨어,동해야,신삼영,41,9,2,2,0,0,4
41034,루이사,2,5,75,"293,770",김철,페더럴리스트,깍쟁이,최용건,51,25,4,6,4,0,2
38733,루킹굿,1,6,68,"196,770",신우철,페더럴리스트,퀘일런,전승규,25,19,4,0,6,0,2
42748,룰즈클래스,1,4,43,"81,790",송암축산,피스룰즈,플라잉라푼젤,휴양마,999,17,2,2,4,0,4
45841,리걸하이,2,2,0,"8,400",강균호,지롤라모,캡티브,휴양마,999,3,0,0,1,0,6
43964,리마커블,2,3,46,"103,500",조용학,커널존,원더드리머,서홍수,24,15,2,2,2,0,4
43872,리버태양,0,3,31,"27,000",(주)디알엠씨티,메니피,캐피리버,정호익,10,5,1,0,0,0,5
41249,리얼팩,0,5,23,"23,000",임한용,오피서,리얼로우즈,박병일,27,18,0,2,0,0,5
44261,리월마,0,3,41,"55,000",박시용,콩코드포인트,낫애니모어,서홍수,24,2,2,0,0,0,4
46008,리치게이트,1,2,0,"2,400",이종욱,아치아치아치,게이트웨이,이준철,48,1,0,0,0,0,6
41871,릴패트론,0,6,120,"492,450",고재완,FIBER SONDE,TEQUILA N' LIME,서인석,33,29,7,5,2,1,1
45728,마구마,1,2,0,"2,400",임흥호,페더럴리스트,호루라기,안해양,26,2,0,0,0,0,6
44569,마루마,0,3,30,"29,500",(주)디알엠씨티,메니피,익스플리시틀리,강성오,9,9,0,1,3,0,5
43741,마바위,1,3,43,"65,600",김종진,록하드텐,마볼트,박천서,54,9,1,3,1,0,4
37040,마스크,1,7,96,"910,140",김진태,테스타마타,파이어앤바이스,문병기,21,36,5,6,7,0,1
45876,마에스트라,2,2,0,"16,800",한명로,메니피,인비엑티브,우창구,5,2,0,0,2,0,6
43053,마에스트로,1,4,30,"27,090",우동희,커널존,메시지레드,박희철,15,13,1,0,1,0,5
45768,마의웨이,1,2,0,"8,400",퍼플라인,투아너앤드서브,심신지려,박천서,54,3,0,0,1,0,6
44830,마이공주,0,3,0,"7,000",이기선,퍼지,가시공주,강성오,9,6,0,0,2,0,6
46191,마이원,0,2,0,0,백국인,퍼지,쇼우타임,정호익,10,1,0,0,0,0,6
42021,마이윈,1,4,48,"59,200",손병철,라이언산타,미스다이앤,송문길,40,9,3,1,1,0,4
43582,마이티고,0,5,113,"425,800",조병태,레이스데이,레보레이디,휴양마,999,20,7,3,2,1,1
43851,마이티굿,1,3,42,"79,000",조병태,BIG BLUE KITTEN,모어미스크리시,서홍수,24,9,2,1,2,0,4
44938,마이티뉴,0,5,84,"266,830",조병태,RED GIANT,OUTRAGE,서홍수,24,16,5,2,3,1,1
44835,마이티렘,2,3,0,0,조병태,LEMON DROP KID,레이디스트럭골드,휴양마,999,2,0,0,0,0,6
43834,마이티선샤인,1,3,43,"68,350",손칠규,원쿨캣,마이티엔젤,임채덕,35,15,2,2,2,0,4
41899,마이티수,1,5,83,"310,760",조병태,SUPER SAVER,GOLD INDY,휴양마,999,17,6,2,2,1,1
45879,마이티쎈,1,2,0,0,조병태,한센,샤프게일,서홍수,24,1,0,0,0,0,6
44074,마이티앤,2,3,0,"9,100",조병태,애니기븐새터데이,스위트뮤직,휴양마,999,8,0,0,1,0,6
45657,마이티웰,1,4,55,"78,600",조병태,TALE OF EKATI,IMA SOUL MISS,서홍수,24,8,1,2,1,1,3
44917,마이티지,1,4,79,"216,000",조병태,GOLDENCENTS,ENGAGINGLEE,서홍수,24,13,3,6,2,1,2
44916,마이티칩,1,4,72,"157,530",조병태,언캡처드,BAGANARA,서홍수,24,12,4,0,3,1,2
51988,마이티큐,2,2,43,"16,500",조병태,TAPWRIT,AMMALU,서홍수,24,1,0,1,0,1,4
44918,마이티킥,0,4,41,"37,200",조병태,MACHO UNO,BESTPERSONALREGARD,휴양마,999,10,0,2,0,1,4
45132,마이티팝,1,4,69,"147,090",조병태,SUPER SAVER,SHOW ME THE ROSES,서홍수,24,11,3,3,1,1,2
45131,마이티후,1,4,79,"180,990",조병태,BODEMEISTER,HOLY BUBBETTE,서홍수,24,15,4,1,2,1,2
44599,마파람,2,3,33,"55,800",(주)나스카,선더모카신,대륙의별,문병기,21,12,2,1,0,0,5
43489,마하걸,2,5,33,"1,600",미즈타니 마사테루,KANE HEKILI,TAHITIAN MEMORY,최봉주,16,12,0,0,0,1,4
44528,마하스타,2,3,32,"15,000",장철환,맘보트레인,덕수궁,최용건,51,2,1,0,0,0,5
38539,만석지기,1,6,64,"174,130",강태구,PAYNTER,로희,박병일,27,25,6,2,4,0,3
41041,만세,0,5,59,"188,590",김진태,AFLEET ALEX,라스트워드,문병기,21,29,4,4,3,0,3
45906,매디슨마운틴,2,2,0,0,이미경,애니기븐새터데이,필리매디슨,배휴준,29,2,0,0,0,0,6
44001,매디슨뮤직,2,3,0,"3,500",이미경,CUPID,필리매디슨,박희철,15,6,0,0,1,0,6
43477,매직그레이스,2,3,48,"106,550",최상일,매직댄서,우아등선,서인석,33,12,3,0,1,0,4
43475,매직러시,0,3,27,"32,600",최상기,매직댄서,어거스트러쉬,서인석,33,10,1,0,0,0,5
43812,매직모카신,2,3,0,"18,600",고창범,선더모카신,온리포윈,구자흥,7,9,0,0,2,0,6
45765,매직아워,1,2,30,"41,000",박남성,CONNECT,캐시미어우즈,정호익,10,2,1,0,0,0,5
42597,매직조이,0,4,40,"76,560",최상기,매직댄서,너와기쁨을,서인석,33,14,1,3,1,0,4
42601,매직주니어,0,4,61,"131,430",최상기,매직댄서,헤이주드,서인석,33,12,4,1,1,0,3
43480,매직주드,2,3,0,"15,150",최상일,매직댄서,헤이주드,서인석,33,7,0,0,2,0,6
45595,매직콘서트,2,2,30,"33,000",최상일,매직댄서,어거스트러쉬,서인석,33,2,1,0,0,0,5
42596,매직타이드,2,4,36,"64,980",최상기,매직댄서,꽃여울,서인석,33,14,1,1,4,0,4
42722,머니가락,0,4,37,"54,170",박상헌,백광,럭키샤이니,배대선,20,16,1,2,3,0,4
42535,머니스톤,2,4,0,"11,500",정기환,모던카우보이,제이원,곽영효,19,19,0,1,1,0,6
40843,머니시장,2,5,53,"150,270",박상헌,피스룰즈,퍼스트워리어,배대선,20,21,2,4,3,0,3
43998,머니신,1,3,0,0,문창완,애니기븐새터데이,은빛환희,배대선,20,3,0,0,0,0,6
46039,머니장군,1,2,0,"13,200",박상헌,에어쉐이디,스위트일루전,배대선,20,2,0,1,0,0,6
37662,머니지프,0,7,69,"290,980",강종우,엑스플로잇,그랜드지프,배대선,20,52,4,4,8,0,2
40297,머니챔프,0,5,61,"211,870",최임규,경부대로,기적의천사,심승태,37,34,5,3,3,0,3
44197,머니탑,2,3,0,"1,250",박상헌,케이탑,럭키샤이니,배대선,20,10,0,0,0,0,6
45098,머스탱참,2,3,28,"26,700",김세민,카우보이칼,머스탱퀸,김동철,53,11,0,2,1,0,5
44706,머스탱파워,0,3,43,"64,400",이영성,아치아치아치,크리스털레거시,강환민,31,7,2,1,1,0,4
45256,멋진강호,1,2,0,0,정기찬,티즈원더풀,나이스터치,박윤규,4,1,0,0,0,0,6
43778,멋진기록,0,3,33,"45,800",정기찬,커널존,그레이톰보이,박윤규,4,9,1,1,1,0,5
43600,멋진왕자,1,5,66,"166,560",정기찬,TEMPLE CITY,BRILLIANT FUTURE,박윤규,4,24,2,4,2,1,2
43844,메니골드,2,3,41,"66,200",홍종철,메니피,차이나골드,리카디,34,7,2,1,1,0,4
38680,메니스피드,1,6,66,"246,210",최몽주,메니피,미스개츠비Ⅱ,조현수,11,38,3,7,9,0,2
44621,메니스피어,2,3,41,"58,200",김영완,메니피,디그리,휴양마,999,6,2,1,0,0,4
44049,메니에이스,2,3,0,"12,000",나기두,메니피,인비엑티브,곽영효,19,3,0,1,0,0,6
43667,메니원더풀,1,3,32,"41,750",박정배,티즈원더풀,메니머니,김동균,52,6,1,0,1,0,5
40901,메니챔프,1,5,67,"255,400",조명식,메니피,다이아몬드브리나,휴양마,999,26,5,3,2,0,2
45263,메니포켓,2,2,0,"8,400",박정배,카우보이칼,메니머니,휴양마,999,2,0,0,1,0,6
40517,메니히어로,1,5,111,"534,420",박정배,메니피,포킷풀어브머니,김동균,52,23,10,4,2,0,1
51985,메디치울프,2,2,40,"16,500",(주)나스카,GOOD SAMARITAN,TREPIDATION,송문길,40,1,0,1,0,1,4
43883,메이블레이드,2,3,37,"41,150",김형란,카우보이칼,메이저즈걸Ⅱ,이준철,48,13,2,0,0,0,4
42756,메인오브킹,0,4,37,"52,840",손병현,포리스트캠프,메인어브젝티브,이관호,42,20,0,5,2,0,4
45853,메타블레이드,2,2,0,"15,900",김병진,컬러즈플라잉,동방로즈,강환민,31,2,0,1,0,0,6
43021,명진데이,1,4,54,"94,590",정은섭,애니기븐새터데이,루시판드,휴양마,999,10,3,2,2,0,3
42263,명진캔디,2,4,32,"29,700",(주)자성실업,TWIRLING CANDY,사이드레터,휴양마,999,16,1,1,1,0,5
38738,명품축제,1,6,87,"573,230",백경무,페더럴리스트,원더유니콘,김윤섭,32,32,5,1,6,0,1
43479,모닝파이브,2,3,0,"8,350",최상일,모닝캄,파이브골드링즈,서인석,33,7,0,1,0,0,6
43476,모닝펄,2,3,30,"41,100",최상기,모닝캄,어매스,서인석,33,10,0,2,3,0,5
45223,모닝프린스,1,2,0,"18,900",최상기,모닝캄,파이브골드링즈,서인석,33,3,0,0,2,0,6
42599,모닝힐,0,4,65,"152,150",최상일,모닝캄,메다글로리아,서인석,33,15,5,1,1,0,3
39909,모르피스,0,7,133,"1,303,300",박남성,STEPHEN GOT EVEN,CHINCHILLA,이관호,42,39,11,7,7,1,1
42618,모스트스피드,2,4,54,"133,940",고재완,페더럴리스트,오버스피드,휴양마,999,21,4,2,2,0,3
45115,몬스터케이,0,4,76,"171,150",강경운,ASTROLOGY,ARI THE ADVENTURER,우창구,5,18,4,1,4,1,2
45395,몬스터파워,1,2,40,"55,000",홍종철,메니피,차이나골드,리카디,34,3,2,0,0,0,4
45242,문더스트,2,2,0,0,청팅콩,CONSTITUTION,페이데이키튼,서범석,12,4,0,0,0,0,6
46585,문학다이얼,1,3,36,0,권경자,DIALED IN,KALEIDOSCOPE,김윤섭,32,5,0,0,0,1,4
43631,문학드림,1,5,51,"82,410",권경자,GEMOLOGIST,RIVOLTELLA,박종곤,1,21,2,2,2,1,3
45152,문학럭키,0,4,41,"53,900",에스지이건설,EFFINEX,AWESOME REWARD,박종곤,1,18,1,2,1,1,4
45051,문학문,1,4,69,"153,820",권경자,지몰로지스트,문보우,홍대유,6,20,2,4,3,1,2
43482,문학보스,0,5,70,"176,250",권경자,레이스데이,LADY DAPHNE,박종곤,1,23,3,1,4,1,2
45062,문학선,1,4,63,"100,450",에스지이건설,GEMOLOGIST,ALL TIME HIGH,휴양마,999,11,3,1,1,1,3
50789,문학송,2,2,39,"10,500",권경자,SONGANDAPRAYER,ITALY GIRL,정호익,10,1,0,0,1,1,4
46584,문학스톰,1,3,39,"27,000",권경자,MIDNIGHT STORM,TALULLAH LULA,정호익,10,8,0,1,1,1,4
46589,문학스트롱,1,3,44,"24,600",권경자,STRONG MANDATE,TIS ME,휴양마,999,8,0,1,1,1,4
45663,문학시바,1,4,56,"67,920",권경자,BLAME,SEEKING SHEBA,박종곤,1,5,2,0,1,1,3
45052,문학앙코르,1,4,51,"72,450",황봉기,WE MISS ARTIE,CRIMSON ORE,휴양마,999,21,1,2,1,1,3
50790,문학어플리트,1,2,38,0,권경자,AFLEET ALEX,SAVANNAH,정호익,10,1,0,0,0,1,4
43630,문학엠파이어,0,5,51,"94,200",권경자,EMPIRE MAKER,LADY LUMBERJACK,휴양마,999,24,2,0,3,1,3
46406,문학이든,2,2,0,0,권경자,TEXAS RED,바운드포이든,홍대유,6,1,0,0,0,0,6
45063,문학젠야타,2,4,61,"126,610",권경자,TALE OF EKATI,S' AVALL,박종곤,1,15,2,2,2,1,3
39791,문학치프,1,7,128,"2,252,900",권경자,PIONEEROF THE NILE,TALULLAH LULA,정호익,10,33,14,5,3,1,1
43486,문학킹,0,5,69,"159,630",에스지이건설,TIZNOW,POPPY'S BABY GIRL,박재우,50,21,3,2,3,1,2
46587,문학태핏,1,3,43,"27,600",권경자,BEHESHT,바운드포이든,박병일,27,9,0,0,3,1,4
41606,문학파이어,1,6,69,"179,700",에스지이건설,위드디스팅션,SHANGHAI ROSE,신삼영,41,24,3,1,5,1,2
42187,문학포리스트,1,4,29,"25,800",황봉기,포리스트캠프,낫애니모어,휴양마,999,19,0,2,2,0,5
44513,미라클도터,2,3,53,"88,800",남기태,피스룰즈,미라클원더,리카디,34,6,3,1,0,0,3
44718,미라클케이,2,3,0,"2,000",강경운,위드디스팅션,메니스타,우창구,5,9,0,0,0,0,6
45096,미르베스트,1,3,42,"60,400",김은갑,리미트리스비드,야전사령관,문병기,21,11,2,1,0,0,4
38693,미르스톰,0,6,56,"237,070",이월희,샤프휴머,이츠트루블루,김동철,53,36,4,3,3,0,3
45093,미르파워,2,3,30,"19,350",김은갑,테스타마타,톱프리티,휴양마,999,11,1,0,1,0,5
45746,미르포인트,1,2,0,0,김은갑,디바인파크,뷰포인트,손영표,2,2,0,0,0,0,6
36914,미사일캔디,1,7,26,"67,680",이장운,TWIRLING CANDY,코지포나우,최영주,3,39,2,1,1,0,5
43248,미스양호,2,4,36,"48,770",박기태,테이크차지인디,투리브포,전승규,25,15,2,0,2,0,4
45894,미스윈스타,1,2,0,"2,400",송창오,선더모카신,미스윈,유재길,23,3,0,0,0,0,6
45569,미스터스타,1,2,0,0,오종환,페더럴리스트,인디언스타,김동철,53,1,0,0,0,0,6
50786,미스하이플라이,2,2,38,0,에스지이건설,CREATIVE CAUSE,PELT,김윤섭,32,1,0,0,0,1,4
43311,바다의꿈,0,4,0,"9,000",임현성,어드마이어돈,오션블루,안해양,26,11,0,1,0,0,6
41061,바디스타,1,5,37,"79,930",김진태,디바인파크,캐리비안레인,휴양마,999,29,2,1,4,0,4
42212,바람과함께,1,4,28,"21,900",양현모,한센,러브마이와일드캣,휴양마,999,13,0,2,1,0,5
43682,바람살,2,3,0,"6,000",제일사료(주),KEEN ICE,히치슬랩,최상식,28,13,0,0,0,0,6
44273,바람의검,1,3,29,"15,750",현재달,페더럴리스트,바람꽃,휴양마,999,4,1,0,0,0,5
41797,바램,2,6,82,"282,900",이미양,FLAT OUT,VENUS ROSEWATER,최용건,51,16,4,5,0,1,1
45791,바로챔피언,2,2,0,"2,400",미리내,케이탑,골든챔피언,배대선,20,1,0,0,0,0,6
43742,바로퀸,2,3,28,"33,000",박평양,한센,퀸오브메니,박윤규,4,13,1,0,2,0,5
42576,바이스로이,0,4,67,"246,100",김진태,올드패션드,유성타이거,휴양마,999,18,4,3,4,0,2
45133,바이킹스톰,1,4,83,"211,370",우순근,오버애널라이즈,FORMAL GULCH,최봉주,16,14,5,1,1,1,1
42285,바이킹하트,0,4,40,"72,600",(주)디알엠씨티,카우보이칼,커리어타임,이신영,14,16,2,2,0,0,4
42410,바잉블레이드,0,4,45,"81,740",김형란,카우보이칼,바잉티그,휴양마,999,16,1,6,1,0,4
45362,반도희망,2,2,0,"2,400",퍼플라인,지롤라모,마스코트,휴양마,999,2,0,0,0,0,6
40533,발바투,1,5,36,"51,320",안영환,한센,버터플라이,곽영효,19,19,1,3,2,0,4
45045,발베니,1,4,71,"170,570",강무웅,WILL TAKE CHARGE,퍼니서니,최용구,8,17,4,2,2,1,2
46296,배다리공주,2,2,0,0,송한우,컬러즈플라잉,벨이밴저린,홍대유,6,2,0,0,0,0,6
45334,배다리왕자,1,2,0,"18,200",송한우,지롤라모,메긴즈홀리데이,서홍수,24,4,0,1,0,0,6
42881,배다리캔디,2,4,36,"92,790",송한우,INCLUDE,롤링트루,홍대유,6,24,2,1,1,0,4
45284,배다리쾌검,2,2,0,0,송한우,카우보이칼,쾌검,김동균,52,1,0,0,0,0,6
43980,백두걸,2,3,47,"102,800",이민희,한센,안정성,박재우,50,8,2,2,1,0,4
46366,백두멋쟁이,2,2,0,"3,000",이민희,테이크차지인디,코러스원,박재우,50,2,0,0,0,0,6
43809,백두미인,2,3,30,"24,000",이민희,빅스,홍바오,휴양마,999,2,1,0,0,0,5
46532,백두보이,1,2,0,"4,800",이민희,페더럴리스트,파워풀미스지,박재우,50,3,0,0,0,0,6
39422,백색광채,0,6,82,"316,350",미리내,백광,연지꽃,배대선,20,39,5,6,4,0,1
42354,벌말대장,1,4,58,"133,370",구인택,커널존,제스프릿,리카디,34,19,2,5,3,0,3
44742,베링맨,0,4,48,"67,150",박평양,레이스데이,BLUEYED LASS,박천서,54,20,0,3,2,1,4
41251,베스트럭키,1,5,52,"144,350",임한용,컬러즈플라잉,스트링밴드,최상식,28,28,5,1,2,0,3
45364,베스트리치,2,2,0,0,베스트샤인조합,포리스트캠프,마이매드캠,이관호,42,1,0,0,0,0,6
43994,베스트매드캠,2,3,29,"19,250",베스트샤인조합,피스룰즈,마이매드캠,이희영,13,10,1,1,0,0,5
42348,베스트빅뱅,0,4,0,"11,600",박정재,카우보이칼,스칼렛스타렛,손영표,2,18,0,0,2,0,6
45369,베스트선,1,2,31,"33,000",베스트샤인조합,테이크차지인디,아이월이프유월,박천서,54,1,1,0,0,0,5
40677,베스트스톰,1,5,21,"18,330",박정재,모던카우보이,마이스윗네나나,휴양마,999,20,0,2,1,0,5
44147,베스트야,2,3,38,"71,200",베스트샤인조합,에치드,예원케이,이희영,13,10,2,0,3,0,4
44033,베스트전사,1,3,26,"23,200",박정재,콩코드포인트,베트파티,박재우,50,8,0,2,1,0,5
42826,베스트천상,2,4,46,"87,160",베스트샤인조합,테이크차지인디,토치,박천서,54,15,2,1,6,0,4
45368,베스트클론,1,2,0,"3,000",베스트샤인조합,한센,싸이클론,이희영,13,2,0,0,0,0,6
42531,베스트타임,2,4,52,"166,750",박정재,BARBADOS,시어라지,휴양마,999,22,2,6,3,0,3
41501,베스트탑,1,5,68,"192,200",베스트샤인조합,클리어어템프트,불릿,이희영,13,24,4,4,4,0,2
44544,베스트토치,2,3,35,"39,600",베스트샤인조합,콩코드포인트,토치,박천서,54,4,1,2,0,0,5
44035,베스트팔콘,2,3,31,"27,850",정기환,투아너앤드서브,제이원,김동균,52,7,0,3,1,0,5
44803,베스트플랜,2,3,0,"5,500",에스지이건설,플랜,패스테릭,홍대유,6,12,0,0,1,0,6
42476,베스퍼,2,4,0,"9,290",박호균,오피서,토카르마데라,강성오,9,6,0,1,0,0,6
43693,벤칼프린세스,2,3,36,"94,300",박준배,카우보이칼,벤트온글로리,서인석,33,7,1,2,1,0,4
44381,벼락,1,3,37,"61,100",공이공팔,테스타마타,안성축제,안해양,26,12,2,1,0,0,4
45112,별나라비마,2,4,38,0,조경수,PALACE,MY SWEET CANDY,최봉주,16,1,0,0,0,1,4
41915,별나라신사,0,5,80,"169,300",조경수,레이스데이,TIZ MERRY,최용건,51,19,4,3,0,1,2
45110,별나라질주,0,4,55,"67,790",조경수,LAOBAN,LOOKSGOODFROMHERE,최봉주,16,9,1,3,0,1,3
44213,별빛마루,2,3,30,"42,810",서순배,포리스트캠프,웨이업데어,이희영,13,12,1,0,2,0,5
43417,별빛보석,0,4,37,"50,590",이장운,커널존,해일,유재길,23,13,1,3,1,0,4
43886,별의순간,1,3,57,"143,200",정형철,메니피,프리릴리스,휴양마,999,12,3,1,3,0,3
42050,보디가드,1,4,39,"59,750",(주)나스카,인그란디어,초원의별,조현수,11,18,2,2,2,0,4
44355,보스베이비,0,3,0,"16,400",조중호,포리스트캠프,백락고,배대선,20,11,0,1,1,0,6
43031,볼드어게인,2,4,37,"49,500",신상섭,카우보이칼,캐러멜캔디,전승규,25,7,2,1,0,0,4
45455,볼트맨,0,4,77,"221,140",최지욱,MIDSHIPMAN,저스트어플래시,휴양마,999,13,6,2,2,1,2
40621,봄날의기억,1,5,43,"121,940",우태율,컬러즈플라잉,젠틀먼즈로킷,안병기,22,27,2,4,3,0,4
40696,부스터로켓,2,5,52,"104,690",윤지중,머스킷맨,라레인델라보어즈,최봉주,16,15,3,3,0,0,3
44773,불방울,1,3,64,"146,240",윤훈현,한센,위스콘신걸,박천서,54,8,4,1,0,0,3
43239,불의가속,0,4,35,"43,580",신상섭,카우보이칼,리틀미스플러리,손영표,2,14,0,5,0,0,5
43704,불의꽃,2,3,29,"34,300",황경호,카우보이칼,컨테서즈모멘트,임채덕,35,7,0,2,2,0,5
46091,불의날개,1,2,0,"3,000",황경호,지롤라모,매직뷰,휴양마,999,3,0,0,0,0,6
44335,불의신화,0,3,0,"8,500",황경호,컬러즈플라잉,허리케인점프,임채덕,35,9,0,1,0,0,6
42945,불의여왕,2,4,38,"55,310",황경호,카우보이칼,셀시,이신영,14,14,2,2,2,0,4
42376,불화산,0,4,24,"29,600",황은호,한센,매덤위네트,이관호,42,18,1,0,0,0,5
44176,브라운,1,3,0,0,김순주,인그란디어,칸의별,휴양마,999,2,0,0,0,0,6
45161,브라운참,0,3,0,0,김세민,테이크차지인디,인디언블루,휴양마,999,12,0,0,0,0,6
51583,브라운퀸,2,2,37,0,손칠규,SHAMAN GHOST,BACKSIDE BELLE,휴양마,999,2,0,0,0,1,4
38595,브레인스피더,2,6,21,"35,800",이성헌,오피서,월들리듀드,서범석,12,27,1,0,1,0,5
43383,브리가디어제너럴,1,6,98,"325,900",청팅콩,TAPIT,AMATURE'S PRIZE,서범석,12,25,6,4,4,1,1
43168,브이퀸,2,4,27,"24,170",박평양,한센,그랜드데임,박윤규,4,17,1,0,1,0,5
46268,블랙건,0,2,0,0,김창만,투아너앤드서브,킵유어윗어바웃유,최용구,8,2,0,0,0,0,6
42577,블랙루키,2,4,36,"59,920",이용대,올드패션드,잇메익스헐민,휴양마,999,20,2,2,2,0,4
44245,블랙마스크,2,3,50,"91,200",이강운,투아너앤드서브,파이어앤바이스,리카디,34,9,1,5,1,0,4
45453,블랙머스크,1,4,121,"631,390",김한수,FLAT OUT,업점프드더데블,김동균,52,16,8,3,0,1,1
43711,블랙버미,2,3,30,"22,550",허윤범,카우보이칼,애머랜스,서홍수,24,7,1,1,0,0,5
41147,블랙실버,2,5,36,"74,740",홍상기,토우트,스마티미,서인석,33,22,1,4,2,0,4
43398,블랙참,1,4,29,"57,970",김세민,테스타마타,인디언블루,송문길,40,17,1,2,2,0,5
43835,블랙초콜릿,1,3,32,"13,750",이강운,메니피,매치리스모멘트,전승규,25,1,1,0,0,0,5
37927,블레싱로드,2,7,28,"105,400",무라카미 켄세이,포리스트캠프,축복의통로,서범석,12,49,2,3,3,0,5
42052,블로마인드,0,4,25,"13,600",요시다 가츠미,퍼지,째즈먼,휴양마,999,10,0,0,3,0,5
45977,블루밍스타,1,2,30,"33,000",송창오,카우보이칼,이머징선,서인석,33,1,1,0,0,0,5
46071,블루아치,2,2,0,"3,000",이장운,아치아치아치,아큐판시,최영주,3,2,0,0,0,0,6
43936,블루인디,1,3,31,"36,800",이종원,테이크차지인디,새벽천사,강환민,31,7,1,0,2,0,5
41644,블루참,0,5,44,"90,600",김세민,컬러즈플라잉,인디언블루,서홍수,24,19,1,2,6,0,4
42283,블루카이저,2,4,0,"2,600",임동현,카우보이칼,아멜,최봉주,16,13,0,0,0,0,6
43602,블루키톤,1,5,71,"246,470",최병욱,PALACE MALICE,EGOT,김동철,53,25,4,3,1,1,2
42772,비바소모,2,4,0,0,신준수,에이스갤러퍼,라이언갤러퍼,휴양마,999,2,0,0,0,0,6
51588,비에스에너지,2,2,38,"3,000",이월희,에어포스블루,TIZNOW PEACE,김동균,52,1,0,0,0,1,4
51587,비에스파워,2,2,38,"3,750",이월희,CITY OF LIGHT,MUNNINGS' FINEST,김동균,52,1,0,0,0,1,4
42325,비엔토,2,4,31,"38,920",전영애,한센,프리넙셜,심승태,37,15,1,1,1,0,5
46249,비전스타,2,2,0,"3,000",씨유네트워크,퍼지,클린업비전,강성오,9,2,0,0,0,0,6
44853,비제이스톰,1,3,29,"24,000",이시돌협회,밥앤드존,뉴윈디,리카디,34,6,1,0,0,0,5
46389,비트레이서,1,2,0,0,황은호,커널존,퀸위너,이관호,42,1,0,0,0,0,6
44679,비트업,1,3,30,"15,750",김정성,투아너앤드서브,라이크더윈드,이희영,13,4,1,0,0,0,5
44129,비플라워,2,3,23,"16,300",정광화,경부대로,비퍼니,조현수,11,12,0,0,3,0,5
42446,빅레드,1,4,36,"45,750",홍상기,피스룰즈,레드벅,서인석,33,15,1,2,1,0,4
43807,빅비트,2,3,36,"61,400",오종환,포리스트캠프,최선돌파,휴양마,999,9,1,2,1,0,4
44092,빅스고,1,3,67,"172,400",이선호,빅스,콜미레이서,우창구,5,10,4,2,1,0,2
45225,빅스마트,2,2,0,"4,600",최상기,KEEN ICE,프루던스,정호익,10,3,0,0,0,0,6
44926,빅야크,0,4,49,"63,000",강용식,PAYNTER,PADEN AFFAIR,강환민,31,13,1,1,2,1,4
42293,빅에너지,1,4,25,"28,620",김광명,카우보이칼,패브포,이관호,42,18,0,1,2,0,5
45450,빅터문,2,4,73,"174,650",박정배,MALIBU MOON,LONG APPROACH,휴양마,999,10,4,3,1,1,2
43188,빅토리샘,2,4,30,"22,920",이미경,피스룰즈,샘아이엠,곽영효,19,7,1,1,0,0,5
43527,빅트리플,0,5,54,"126,660",이종원,BODEMEISTER,MAJESTIC JEWEL,휴양마,999,23,2,0,5,1,3
44447,빈체로킹,1,3,31,"18,850",김인규,지롤라모,더블브릴리언트,휴양마,999,10,1,0,1,0,5
42004,빛나는질주,1,4,0,"17,470",제주축산개발,채플로열,어모멘트투라스트,유재길,23,23,0,1,1,0,6
43897,빛의대륙,2,3,33,"43,700",미리내,콩코드포인트,비바비노,배대선,20,11,1,2,1,0,5
44198,빛의카,1,3,27,"13,000",한광세,케이탑,마리카,배대선,20,6,0,2,0,0,5
42658,사랑다모아,2,4,0,"17,700",황경호,JUMP START,처비아너,손영표,2,12,0,1,1,0,6
44443,사려니로키,0,3,0,"1,250",오영익,카우보이칼,인디언체로키,이신영,14,13,0,0,0,0,6
41327,사려니퀸,2,5,63,"150,360",오영익,디바인파크,플라이톱,구자흥,7,15,4,3,4,0,3
44442,사려니퍼스트,1,3,71,"199,900",오영익,티즈원더풀,랭워시,이신영,14,12,5,1,2,0,2
39577,사이먼퀸,2,6,58,"180,310",임영수,사이먼퓨어,북대풍,우창구,5,28,3,4,4,0,3
44730,삼바존,2,3,0,"3,500",김근영,커널존,투스텝삼바,이희영,13,3,0,0,1,0,6
42398,상승행진,1,4,27,"35,340",곽태훈,애니기븐새터데이,위대한참전,휴양마,999,22,1,1,0,0,5
45331,새내비바,2,2,0,0,문금철,한센,프레리타운십,홍대유,6,1,0,0,0,0,6
45652,새내선,2,4,75,"196,370",문금철,DIALED IN,SWITCHED UP,휴양마,999,12,4,0,2,1,2
43166,새내윈,1,4,39,"63,720",문금철,올드패션드,두다데이,휴양마,999,17,2,2,1,0,4
45818,새내칸,1,2,0,"13,200",문금철,선더모카신,에이스더블,휴양마,999,1,0,1,0,0,6
45336,새내퀸,2,2,38,"55,000",문금철,JIMMY CREED,에반젤리칼,휴양마,999,3,1,2,0,0,4
45229,새내타운,1,2,47,"153,000",문금철,퍼지,오마이크릭,서홍수,24,3,2,0,0,0,4
44100,새내파워풀,1,3,46,"76,950",문금철,포리스트캠프,서머오페라,홍대유,6,11,2,2,2,0,4
42680,새내황제,0,4,27,"30,000",문금철,한센,북대풍,홍대유,6,12,0,2,1,0,5
44817,새로운빛깔,0,3,0,"3,000",김종식,선더모카신,그레노블,홍대유,6,7,0,0,0,0,6
44872,새벽밴드,1,3,29,"16,350",서운석,인디밴드,새벽드림,휴양마,999,8,1,0,0,0,5
1400811,새터데이,1,2,0,0,(주)자성실업,아치아치아치,다이아몬드드라고,휴양마,999,1,0,0,0,0,6
46326,샤인온미,2,2,31,"33,000",김정철,투아너앤드서브,윌링미스,이관호,42,1,1,0,0,0,5
41894,샤크짱,1,5,66,"220,180",이종길,NEW YEAR'S DAY,DANCE OVER,이희영,13,32,1,7,7,1,2
46612,샤크플레이,1,2,0,0,조현영,한센,플래쉬디만티너,김동철,53,1,0,0,0,0,6
36488,샴로커,1,9,116,"1,328,950",최몽주,DUBLIN,PORTERA,휴양마,999,55,6,12,10,1,1
43927,서니블레이드,2,3,28,"19,000",김병진,위드디스팅션,리엔센,최용건,51,8,1,0,0,0,5
42739,서브에이스,2,4,46,"155,880",김정철,티즈원더풀,해비샴,이관호,42,18,3,1,4,0,4
45904,서울스퍼트,2,2,0,0,이동좌,디바인파크,다이나스퍼트,이관호,42,2,0,0,0,0,6
46382,서울을날다,2,2,0,0,이동좌,지롤라모,와일드러시크릭,휴양마,999,3,0,0,0,0,6
37886,서울의별,2,7,68,"717,450",김선식,리미트리스비드,부산의별,휴양마,999,47,4,3,7,0,2
41058,서울크라운,0,5,39,"66,550",김진엽,원쿨캣,박스우드,휴양마,999,20,2,1,1,0,4
38052,서울탱크,0,8,75,"294,380",조병해,GIANT OAK,WEDGEFIELD,박희철,15,65,2,9,2,1,2
45553,선더갤러퍼,1,2,0,0,변갑한,에이스갤러퍼,조이오브캡틴,최상식,28,1,0,0,0,0,6
45285,선더브라보,1,2,0,"7,000",최동근,포리스트캠프,그레이톰보이,홍대유,6,4,0,0,0,0,6
45391,선더블루,1,2,0,0,변갑한,선더모카신,블루엠파이어,최상식,28,1,0,0,0,0,6
40938,선더윈드,1,5,57,"127,380",조건진,선더모카신,라이크더윈드,휴양마,999,19,3,5,3,0,3
45116,선더타임,0,4,59,"96,000",변갑한,ANCHOR DOWN,DUST IT,우창구,5,12,2,2,0,1,3
44507,선더플래시,1,3,36,"41,200",이장운,선더모카신,행운누리,문병기,21,13,0,3,2,0,4
42549,선더호스,1,4,26,"41,360",(주)디알엠씨티,테스타마타,노블만료,안병기,22,24,1,0,2,0,5
46045,선드래곤,1,2,48,"118,800",(주)선우패션,록하드텐,조광,최용구,8,4,2,2,0,0,4
40011,선라이팅,1,7,92,"374,400",이신근,CREATIVE CAUSE,DATTTS LADY DI,서범석,12,33,5,4,2,1,1
41177,선파이팅,2,5,28,"47,260",이신근,록하드텐,릴리언스펄,서범석,12,24,1,2,1,0,5
43468,선포레,0,5,36,"36,700",서상주,WICKED STRONG,HIGHSTAR,휴양마,999,28,0,0,3,1,4
43752,성불축제,2,3,0,0,이성님,테이크차지인디,성불오름,휴양마,999,1,0,0,0,0,6
46184,성실공주핑크,2,2,32,"30,400",이동훈,한센,케어프리,토니,30,2,1,0,1,0,5
41376,성실머니,2,5,42,"85,330",이동훈,DIALED IN,퍼스트비트레이얼,토니,30,14,1,3,4,0,4
45979,성실태양,2,2,0,"2,400",이동훈,올드패션드,블리스터링스트라,토니,30,1,0,0,0,0,6
45444,성실핑크,2,2,0,0,이동훈,지롤라모,라이크더윈드,문병기,21,1,0,0,0,0,6
46560,성은크라운,1,2,0,0,서홍배,컬러즈플라잉,크라운플래그,이관호,42,2,0,0,0,0,6
44280,세륭,1,3,0,"2,000",임흥호,카우보이칼,절세가인,안해양,26,2,0,0,0,0,6
41396,세명강자,2,5,27,"31,580",이기철,엑톤파크,댄싱스퀄,서홍수,24,21,0,1,4,0,5
39641,세명기상,1,6,58,"215,340",이기철,클리어어템프트,하늘기상,배휴준,29,37,4,5,1,0,3
42943,세명나래,2,4,36,"51,390",이기철,한센,무한나래,배휴준,29,17,1,4,0,0,4
45776,세명레이디,2,2,0,0,이기철,위드디스팅션,토마토레이디,배휴준,29,2,0,0,0,0,6
43280,세명캡틴,1,4,0,"12,580",이기철,티즈원더풀,홀리버드,배휴준,29,18,0,1,1,0,6
43845,세인트루카,1,3,29,"36,000",김재성,위드디스팅션,터치어펀,김윤섭,32,9,1,0,2,0,5
41662,센스쟁이,0,6,66,"186,690",김종철,MUNNINGS,BALANSENSE,휴양마,999,31,1,8,0,1,2
42595,소베라니아,2,4,56,"127,090",전영애,한센,쾌검,심승태,37,11,3,3,1,0,3
41851,소울메리트,1,5,93,"260,140",박남성,AMERICAN PHAROAH,PLACENTIA,정호익,10,13,5,2,1,1,1
44238,소호승리,0,3,0,0,퍼플라인,커널존,배다리퀸,신삼영,41,6,0,0,0,0,6
43743,송암누리,2,3,0,"4,500",송암축산,아치아치아치,누리강자,최용구,8,7,0,0,1,0,6
44405,송암드래건,2,3,0,"1,600",송암축산,티즈웨이,송암론다도르,휴양마,999,4,0,0,0,0,6
42871,송암레이서,0,4,29,"23,750",송암축산,볼포니,홀리드림러브,휴양마,999,13,1,0,1,0,5
44017,송암레전드,1,3,0,"7,200",송암축산,티즈웨이,레보레이디,최용구,8,6,0,0,1,0,6
44019,송암베스트,2,3,28,"35,200",송암축산,티즈웨이,스위치잇,휴양마,999,9,1,0,2,0,5
42747,송암에이스,1,4,0,0,송암축산,메니피,스위치잇,조현수,11,2,0,0,0,0,6
40512,송암캣,2,5,23,"20,620",송암축산,포리스트캠프,플라잉라푼젤,휴양마,999,22,1,0,2,0,5
40511,송암티즈,0,5,43,"58,400",송암축산,티즈원더풀,스위치잇,전승규,25,15,2,0,2,0,4
42291,쇠와꽃,2,4,36,"55,580",김용재,올드패션드,여왕폐하,곽영효,19,16,2,2,1,0,4
43526,수리수리마,2,5,66,"158,480",서창식,PROUD CITIZEN,CLIFF'S SECRET,강환민,31,20,2,4,2,1,2
45076,순간터치,1,3,31,"40,800",정형철,테이크차지인디,캔들글로우,송문길,40,8,1,1,1,0,5
43974,슈발도리앙,0,3,0,"1,000",말사모,테이크차지인디,챔피언홀더,구자흥,7,7,0,0,0,0,6
45240,슈어윈,2,2,31,"39,550",청팅콩,BERNARDINI,매그니피센트마인,서범석,12,5,1,1,1,0,5
44187,슈팅리버스,2,3,30,"25,150",공이공팔,투아너앤드서브,허니캠프,휴양마,999,5,1,1,0,0,5
39982,슈퍼삭스,0,7,123,"778,250",김창식,TWO STEP SALSA,MS LUCILLE,리카디,34,37,11,2,5,1,1
40921,슈퍼엑톤,0,5,39,"102,810",김병진,엑톤파크,슈퍼플러키,강환민,31,29,2,2,2,0,4
42578,슈퍼제나이,2,4,0,0,이용대,카우보이칼,제나이비나이,휴양마,999,3,0,0,0,0,6
45783,슈퍼피니시,1,2,0,"15,600",강현철,페더럴리스트,레드뎀,김동균,52,2,0,1,0,0,6
45234,슈프림스타,2,2,0,"18,900",손병현,ADIOS CHARLIE,코코즈레디포듀티,정호익,10,3,0,1,0,0,6
45202,슛업스파크,2,2,0,0,정광화,오버애널라이즈,웨이팅포아스파크,조현수,11,1,0,0,0,0,6
45341,스마트그린,2,2,0,"2,400",김조은,커널존,퍼펙트레이디,조현수,11,1,0,0,0,0,6
44272,스마트별,2,3,28,"18,350",김조은,경부대로,해동의별,조현수,11,11,1,0,0,0,5
43921,스마트블루,2,3,30,"35,000",이종원,투아너앤드서브,스마트퀸,강환민,31,8,1,1,1,0,5
46221,스마트삭스,2,2,0,0,김창식,카우보이칼,스마트어드바이스,이신영,14,2,0,0,0,0,6
42678,스마트오피서,2,4,38,"66,460",(주)자성실업,오피서,소우시크,전승규,25,10,2,1,1,0,4
42530,스마트전사,0,4,44,"69,000",김태성,애니기븐새터데이,스마트치프,송문길,40,15,1,4,2,0,4
42139,스마트파워,1,4,28,"40,620",김은갑,피스룰즈,위너트로피,송문길,40,17,1,1,2,0,5
45249,스마티글로리,2,2,0,"2,400",황봉기,스마티문학,질풍대세,홍대유,6,1,0,0,0,0,6
44774,스마티대세,2,3,0,0,김재영,스마티문학,질풍대세,박병일,27,7,0,0,0,0,6
43220,스위트주스바,1,4,34,"35,410",정영식,티즈원더풀,주스바,이신영,14,8,1,1,1,0,5
43120,스위트카카오,2,4,0,"4,500",김용래,한센,리버포리스트,심승태,37,11,0,0,0,0,6
50107,스위트플레이,2,2,0,0,조현영,퍼지,임브레이스유어드,임채덕,35,1,0,0,0,0,6
37858,스카이돌풍,1,7,62,"262,400",김태성,원쿨캣,로사로즈,송문길,40,43,5,4,5,0,3
42332,스카이망치,0,4,58,"125,920",피닉스,SKY MESA,새즈미즈엘리자베,휴양마,999,10,4,2,1,0,3
40458,스카이퓨처,0,5,44,"54,330",손병철,레이스데이,익스퀴짓뷰티,김윤섭,32,6,2,1,3,0,4
41069,스타러시,1,5,24,"42,480",제주축산업협동조합,POINT OF ENTRY,메긴즈홀리데이,휴양마,999,27,0,1,4,0,5
42409,스타블레이드,0,4,48,"86,050",김형란,오피서,마이스타일,토니,30,18,3,4,1,0,4
42051,스타워즈,0,4,37,"51,460",이본희,테스타마타,암어자이언트스타,박윤규,4,13,2,2,2,0,4
45838,스타케이,1,2,0,0,강경운,컬러즈플라잉,왝스엠파이어,우창구,5,2,0,0,0,0,6
42055,스타크레이지,0,4,30,"30,500",전영애,애니기븐새터데이,스타어브아바,심승태,37,10,1,1,0,0,5
43900,스타태풍,0,3,0,0,박재범,지롤라모,베이비북,김동철,53,5,0,0,0,0,6
44173,스타프린세스,2,3,0,"4,500",금악목장,페더럴리스트,센걸,휴양마,999,14,0,0,1,0,6
46266,스탈렛,2,2,39,"59,800",김철,메니피,심플워즈,최용건,51,4,2,0,0,0,4
44105,스탠바이미,0,3,0,0,홍종운,포리스트캠프,월드클래스Ⅱ,안병기,22,3,0,0,0,0,6
38992,스트라이드업,0,6,55,"165,040",청팅콩,리미트리스비드,자벨라,서범석,12,39,3,4,4,0,3
36943,스트롱러너,1,7,33,"131,290",이성헌,테스타마타,남한산성,서범석,12,43,2,4,4,0,5
39005,스트롱벌처,0,6,39,"161,600",이성헌,테스타마타,스피드백,서범석,12,35,4,2,5,0,4
46601,스트롱참,1,2,32,"52,500",김세민,메니피,스트롱윈드,김동철,53,5,1,1,2,0,5
46614,스틸플레이,1,2,0,"8,400",조현영,테스타마타,대싱플래티넘,김동철,53,1,0,0,1,0,6
46250,스파이스타워,1,4,36,"2,400",황경호,SPEIGHTSTOWN,ANGELICA ZAPATA,임채덕,35,4,0,0,0,1,4
42452,스팟플래터,1,4,70,"257,470",박준배,카우보이칼,팔메토플래터,휴양마,999,16,6,4,2,0,2
40998,스페셜스토리,2,5,34,"59,610",윤훈열,어플리트어게인,우승이야기,박희철,15,23,1,2,4,0,5
45559,스포블레이드,1,2,30,"30,400",김병진,위드디스팅션,리엔센,최용건,51,3,1,0,1,0,5
45121,스프링꿈,1,4,58,"97,960",(주)디알엠씨티,TOURIST,프랜저블,안병기,22,20,3,0,0,1,3
41660,스프링백,0,6,102,"482,800",(주)디알엠씨티,GEMOLOGIST,프랜저블,안병기,22,30,6,4,0,1,1
43786,스프링워터,1,3,0,"6,750",고창범,선더모카신,재즈,구자흥,7,4,0,1,0,0,6
41867,스프링킹,0,5,65,"152,280",(주)디알엠씨티,투아너앤드서브,프랜저블,최용건,51,20,2,2,3,1,3
43453,스피돔,0,5,74,"220,800",강무웅,CONGRATS,HARPER'S SONG,최용구,8,12,3,3,0,1,2
43979,스피드갤럽,2,3,27,"27,050",홍종철,올드패션드,파워풀미스지,휴양마,999,8,0,1,2,0,5
43679,스피드에이스,2,3,30,"19,350",손병철,어플릿익스프레스,오피서레이디,휴양마,999,4,1,0,1,0,5
44623,스피어골드,2,3,0,"1,000",김영완,에치드,한라축제,유재길,23,4,0,0,0,0,6
44622,스피어퀸,2,3,0,"9,000",김수경,지롤라모,샌드서핑,유재길,23,8,0,1,1,0,6
43505,슬립웰,1,5,53,"100,200",채승배,MACLEAN'S MUSIC,FEARLESS WILDCAT,문병기,21,19,2,0,1,1,3
45896,승리의영혼,2,2,0,0,최성룡,선더모카신,촐룰라캣,김동철,53,1,0,0,0,0,6
43659,승부사,1,3,78,"558,450",김광명,미스치비어슬리,티피맥지,정호익,10,12,5,2,3,0,2
44351,시리우스알파,2,3,40,"62,800",선형조,CLASSIC EMPIRE,일루시브노이즈,송문길,40,7,2,1,1,0,4
45122,시리우스에이,0,4,51,"78,860",박남성,MALIBU MOON,HONEST CAUSE,박재우,50,16,2,1,1,1,3
42119,시선주마,2,4,28,"16,720",천사들의 안장,오피서,당대여왕,휴양마,999,5,0,2,0,0,5
40571,시선집중,0,5,44,"106,450",이대봉,볼포니,토종고수,조현수,11,29,2,2,3,0,4
43405,시크릿보스,1,4,56,"147,540",김명식,CALEB'S POSSE,시크릿스태시,서홍수,24,17,4,2,4,0,3
45106,시크릿킹,1,3,0,"11,000",김명식,올드패션드,시크릿스태시,서홍수,24,4,0,1,1,0,6
45418,시크릿플레이,1,2,0,"16,800",조현영,한센,딜라잇펄엠파이어,김동철,53,3,0,0,2,0,6
45095,시티참,2,3,0,"4,850",김세민,테이크차지인디,펠리시티,송문길,40,4,0,0,0,0,6
45808,신의반전,2,2,28,"22,000",김진태,테스타마타,상류,강환민,31,4,0,2,0,0,5
42798,신의아들,1,4,56,"131,600",김진태,메니피,조지즈프레어,강환민,31,18,3,4,5,0,3
46259,신의여인,2,2,0,"5,400",김진태,AMERICAN FREEDOM,브레이브애즈어라,강환민,31,3,0,0,0,0,6
42589,신의한수,1,4,36,"48,700",장철환,커널존,성공시대,최용건,51,15,2,0,1,0,4
44882,신주류,1,3,24,"15,850",김선식,애니기븐새터데이,대한천왕,조현수,11,13,0,1,2,0,5
46383,신풍여걸,2,2,0,0,윤훈현,테이크차지인디,선스마트,박천서,54,1,0,0,0,0,6
44502,신한특송,2,3,36,"57,600",부준혁,한센,미러클라이트,배대선,20,7,2,0,1,0,4
45585,실버부스터,1,2,0,"2,400",최동근,커널존,스털링스트라이드,홍대유,6,3,0,0,0,0,6
44348,실버스타,2,3,41,"59,150",(주)나스카,올드패션드,새즈미즈엘리자베,최용건,51,12,2,1,1,0,4
38511,심장의고동,1,6,128,"1,501,700",오종환,지금이순간,하우아유,심승태,37,29,10,3,3,0,1
41648,심플스타일,1,5,51,"154,650",윤우환 ,컬러즈플라잉,펠리시티,휴양마,999,19,3,3,2,0,3
41723,싱싱메리,2,6,67,"152,640",전석호,위드디스팅션,AMYLIMEHOUSE,배휴준,29,24,2,1,3,1,2
44516,쌍옥루,0,3,0,"3,500",이용식,선더모카신,프리실라,최봉주,16,2,0,0,1,0,6
42294,쏘아라바바,2,4,46,"128,630",현태봉,카우보이칼,그레이트브리지,휴양마,999,22,3,3,4,0,4
45650,쓸모,0,2,0,0,박정열,애니기븐새터데이,댄싱스퀄,안병기,22,1,0,0,0,0,6
45179,씽씽씽,1,2,0,0,(주)디알엠씨티,한센,일루시브로시,박재우,50,2,0,0,0,0,6
45913,아깽이,0,2,0,0,김동선,콩코드포인트,실비슬립,안병기,22,1,0,0,0,0,6
43408,아델머스탱,1,4,34,"91,350",이종훈,메니피,머스탱퀸,송문길,40,20,1,2,3,0,5
45344,아라모아,2,2,0,"13,200",고재완,THE FACTOR,컨트리클럽쉬,서인석,33,2,0,1,0,0,6
43933,아라챔프,2,3,31,"23,000",고재완,투아너앤드서브,에코블루,서인석,33,4,1,0,0,0,5
41325,아로마,1,5,36,"74,820",최수군,스트라이크어게인,스페셜레드,이관호,42,20,1,3,4,0,4
45315,아르고공주,2,2,0,"8,400",우태율,테이크차지인디,중앙공주,안병기,22,4,0,0,1,0,6
45590,아르고꾸숑,1,2,0,0,우태율,투아너앤드서브,채스터티,안병기,22,2,0,0,0,0,6
45921,아르고리치,1,2,0,"3,000",우태율,컬러즈플라잉,어너러리갤럽,안병기,22,1,0,0,0,0,6
46541,아르고무적,1,2,0,0,우태율,피스룰즈,북새명가,안병기,22,2,0,0,0,0,6
45360,아르고탑,1,2,0,"16,000",우태율,케이탑,브라운걸,휴양마,999,4,0,0,1,0,6
41754,아르폰스,1,6,40,"58,030",유정희,MUNNINGS,ELLA MARIE,서홍수,24,26,1,1,3,1,4
45593,아름다운사이,2,2,0,0,유영준,테스타마타,로열스텝,신삼영,41,2,0,0,0,0,6
43864,아마존킹,0,3,45,"68,900",허훈,선더모카신,시크릿랩소디,토니,30,11,2,2,0,0,4
45828,아만바로우즈,2,2,0,0,이노쿠마 히로츠구,테스타마타,플룸,서인석,33,1,0,0,0,0,6
41885,아메리칸포스원,0,5,40,"85,150",서정범,GEMOLOGIST,RUFUS RUTH,조현수,11,40,0,1,6,1,4
43540,아미고라로,0,5,51,"91,350",김종진,SUMMER FRONT,CALL AHEAD,휴양마,999,20,2,1,1,1,3
42245,아스펜로스,0,4,54,"77,750",박남성,KANTHAROS,아스펜라이트,휴양마,999,5,3,1,1,0,3
43658,아스펜태양,1,3,68,"266,650",박남성,위드디스팅션,아스펜라이트,전승규,25,8,4,1,1,0,2
42594,아이스스타,0,4,46,"78,790",이경희,애니기븐새터데이,별기,휴양마,999,18,3,2,0,0,4
45576,아이스크림,2,2,0,"3,000",오종환,선더모카신,프리실라,박윤규,4,1,0,0,0,0,6
40451,아이스펀치,1,5,73,"210,560",김정철,한센,윌링미스,휴양마,999,20,6,2,3,0,2
42934,아이언머스킷,2,4,40,"42,000",홍종철,머스킷맨,터프한걸,리카디,34,10,3,1,0,0,4
43574,아이언삭스,1,5,105,"333,220",김창식,MINESHAFT,CENTURIAN LADY,이신영,14,25,7,4,2,1,1
44572,아임포스원,1,3,0,"1,000",서정범,페더럴리스트,크리에이트,조현수,11,6,0,0,0,0,6
46031,아치러너,2,2,0,0,송암축산,아치아치아치,드림러너,최용건,51,2,0,0,0,0,6
44780,아치리버,2,3,0,"3,400",이종욱,아치아치아치,리버브룩,휴양마,999,5,0,0,0,0,6
44846,아치메모리,2,3,0,"6,250",이종욱,아치아치아치,러브리메모리즈,심승태,37,6,0,0,0,0,6
45102,아치참,2,3,30,"18,150",김세민,투아너앤드서브,몬아치라스,휴양마,999,7,1,0,0,0,5
42423,아침기상,2,4,46,"56,830",(주)나스카,컬러즈플라잉,엘러벨,이신영,14,7,4,1,0,0,4
46441,아침누리,2,3,37,0,김세민,SUPER SAVER,YOU'RE BEAUTIFUL,서홍수,24,2,0,0,0,1,4
46007,아침동자,1,2,0,"8,400",배영한 ,한센,클린업스피드,휴양마,999,1,0,0,1,0,6
42638,아침함성,2,4,51,"126,080",이미경,애니기븐새터데이,아침사랑,박희철,15,21,3,1,3,0,3
45328,안양폭격기,2,2,0,0,(주)에이에프피,콩코드포인트,프로포즈,홍대유,6,1,0,0,0,0,6
41280,안양호랑이,2,5,45,"95,910",(주)에이에프피,QUALITY ROAD,인디트러블,홍대유,6,25,3,2,2,0,4
45117,알렉산더원,0,4,44,"34,800",임영수,DIALED IN,IM SO FINE,우창구,5,5,0,2,1,1,4
44128,알사이먼,2,3,34,"28,000",박정배,사이먼퓨어,알드라이크,신삼영,41,9,1,1,0,0,5
41018,알찬누리,0,5,45,"108,220",김광명,페더럴리스트,루시엔,정호익,10,25,2,4,5,0,4
46292,압구정치타,2,2,0,0,조명식,메니피,미스보스케스,휴양마,999,2,0,0,0,0,6
41653,액티몬,0,6,74,"229,830",김호선,VERRAZANO,DESPITE HER FORM,토니,30,23,3,5,1,1,2
51584,앱설루트명작,2,2,37,0,나기두,ALWAYS DREAMING,FAVORABLY,김동균,52,2,0,0,0,1,4
44234,야무진배짱,1,3,33,"40,800",우태율,록하드텐,줄라이모닝,안병기,22,9,1,1,1,0,5
44428,야무진새강자,2,3,0,0,우태율,록하드텐,쿨터치,휴양마,999,6,0,0,0,0,6
44009,야무진왕초,1,3,37,"46,100",우태율,지롤라모,양키참,안병기,22,12,1,3,0,0,4
46509,야무진재수,0,3,39,"16,200",우태율,CONNECT,LUXURIOUS,안병기,22,6,0,1,0,1,4
41346,야호골든캣,1,5,63,"183,040",이태식,피스룰즈,축제,휴양마,999,23,4,4,4,0,3
43803,어나더레벨,2,3,0,"11,200",이관형,에치드,헤이퀸,전승규,25,4,0,0,2,0,6
43107,어디가나,2,4,63,"306,750",에스지이건설,스마티문학,베네피셜프렌드,김윤섭,32,15,4,0,2,0,3
43608,어마어마,1,5,136,"1,730,500",(주)나스카,ALGORITHMS,LIGNITE,송문길,40,19,13,2,2,1,1
40842,어메이징위즈,2,5,40,"100,200",최몽주,록하드텐,어메이징파티,송문길,40,23,2,3,3,0,4
42918,어서와,1,4,45,"94,820",강용식,카우보이칼,허드잇비포,휴양마,999,20,2,3,3,0,4
51585,어카운트,2,2,37,"3,000",나기두,BLAME,LENGTH,곽영효,19,3,0,0,0,1,4
42374,엄청난걸,2,4,25,"11,590",임한용,미스치비어슬리,백두캣,박병일,27,17,0,2,0,0,5
41795,엉클오,1,6,70,"167,360",오종택,제이피즈거스토,GINABLU,이신영,14,15,4,0,4,1,2
42507,에너자이저,1,4,48,"92,590",박재홍,올드패션드,엑스파일,이준철,48,16,2,4,2,0,4
42885,에스테이크,2,4,36,"62,040",이성님,테이크차지인디,에스에스벨,휴양마,999,15,2,2,1,0,4
45901,에이스퀸,2,2,0,0,우상우,일루시브블러프,롤링온스트롱,최봉주,16,1,0,0,0,0,6
44806,에이스플랜,1,3,32,"29,550",황봉기,플랜,세인트에티엔,홍대유,6,13,1,1,1,0,5
41356,에이스함성,1,5,64,"198,025",황의영,디바인파크,러세미러,이관호,42,25,4,4,8,0,3
45727,에이원스타,1,2,36,"66,150",금악목장,페더럴리스트,플래시어필,김동철,53,5,1,1,2,0,4
40303,에이투제트,1,5,57,"156,820",최성룡,피스룰즈,최초로,휴양마,999,24,3,4,3,0,3
41253,에이피파텍,1,5,53,"160,680",기무라요시아키,사담파테크,빅파워,서범석,12,26,3,5,4,0,3
41889,에코빌,1,5,75,"184,320",이일형,DAREDEVIL,SWEET DREAMY SYN,휴양마,999,20,2,7,3,1,2
43663,에코존,1,3,31,"31,450",양순희,피스룰즈,동방미인,김동철,53,10,1,1,1,0,5
45498,에펠탑,1,2,0,"3,500",오종환,티즈원더풀,플라이퀸,심승태,37,3,0,0,1,0,6
43313,엑톤질주,1,4,38,"59,440",황경호,엑톤파크,신용퀸,손영표,2,14,2,2,0,0,4
44380,엔비전사,1,3,0,"7,600",김용래,테이크차지인디,라인잇업,휴양마,999,7,0,0,1,0,6
41892,엘리트라인,1,5,46,"74,110",태희종합건설,LINE OF DAVID,COUNTTHEBLESSINGS,이희영,13,23,1,0,3,1,4
42369,엘리트룰즈,2,4,40,"71,070",태희종합건설,피스룰즈,월드클래스Ⅱ,이희영,13,17,2,1,3,0,4
42046,엠제이베스트,1,4,54,"133,740",박정재,카우보이칼,주얼리파티,휴양마,999,17,3,3,2,0,3
42468,엠제이스톰,1,4,24,"28,750",박정재,메니피,스마트타임,휴양마,999,22,0,1,2,0,5
43982,엠제이타임,2,3,27,"19,900",박정재,에치드,스마트타임,박재우,50,9,0,2,1,0,5
41697,엠제이파워,0,6,104,"456,700",박정재,CENTRAL BANKER,MAKING A POINT,문병기,21,29,5,5,5,1,1
45458,엠제이포인트,2,4,42,"92,000",박민지,BUSTIN STONES,MAKING A POINT,문병기,21,20,0,2,5,1,4
44856,연희사랑,2,3,0,"6,100",김인호,포리스트캠프,콰이어트터치,홍대유,6,10,0,0,0,0,6
40530,연희일출,2,5,81,"300,640",최병권,티즈원더풀,빅타임,이준철,48,21,6,2,4,0,1
41149,열린문,1,5,61,"182,260",김재성,애니기븐새터데이,히어즈벨라,휴양마,999,26,4,5,3,0,3
42542,영광의미소,2,4,48,"123,860",변창덕,한센,퍼펙트스킵,휴양마,999,17,4,1,4,0,4
46260,영영삭스,2,2,0,0,김창식,PAYNTER,어바이드,이신영,14,1,0,0,0,0,6
42309,영웅대마,0,4,27,"41,130",김광명,페더럴리스트,커멘섀리,정호익,10,21,1,1,1,0,5
44132,예술이야,0,3,30,"40,200",강무웅,유로실버,그레이스,휴양마,999,7,1,1,1,0,5
42561,옐로우캣,2,4,61,"130,400",박정배,인디밴드,와일드캣,휴양마,999,8,4,1,1,0,3
43955,오래함께하자,0,3,61,"106,200",임한용,테이크차지인디,패션드,이준철,48,7,3,2,1,0,3
46251,오섬스프링스,0,4,36,0,황경호,AWESOME AGAIN,ALISA'S CATCH,손영표,2,5,0,0,0,1,4
44107,오천복,2,3,38,"53,200",박정배,메니피,팔메토플래터,휴양마,999,6,2,1,0,0,4
42867,옥동공주,2,4,29,"30,800",황경호,RUN AWAY AND HIDE,폰트,손영표,2,18,0,2,1,0,5
43515,옥룡,0,5,47,"91,250",이긍열,언캡처드,WILD MEGGIE MEG,강성오,9,23,1,3,1,1,4
42386,옥스퍼드킹,1,4,66,"198,650",이긍열,SUMMER FRONT,옥스포드베이브즈,박재우,50,17,5,3,1,0,2
44555,옥천최강,1,3,26,"21,600",이재민,지롤라모,무한신뢰,곽영효,19,7,0,2,0,0,5
41169,온리위너,2,5,30,"54,520",손병철,올드패션드,기억날그날,송문길,40,20,1,2,2,0,5
43082,온포인트,1,4,54,"134,780",박호균,밥앤드존,아너드,휴양마,999,16,4,4,3,0,3
44142,올가림,1,3,28,"47,200",임수복,한센,템플테이션,휴양마,999,12,1,1,1,0,5
43880,올드스타트,0,3,29,"43,800",황경호,올드패션드,인디언파크,손영표,2,10,1,0,1,0,5
44497,올포유어드림,1,3,30,"35,050",서창식,맘보트레인,스마트체스넛,신삼영,41,6,1,1,1,0,5
45162,와우와우,1,3,63,"229,700",(주)나스카,카우보이칼,짝꿍,송문길,40,11,4,4,1,0,3
44796,와일드러너,2,3,31,"36,000",황은호,콩코드포인트,와일드러시크릭,이관호,42,5,1,0,2,0,5
44287,와일드삭스,1,3,54,"159,900",김창식,한센,엠파이어캔디,이관호,42,12,4,2,0,0,3
40399,와일드킹덤,1,5,43,"107,040",양현모,COMPETITIVE EDGE,드림스펠,배휴준,29,21,2,2,4,0,4
45449,와일들리로맨틱,1,4,69,"146,890",우태율,바이언,ROMANTIC STORM,안병기,22,12,4,2,1,1,2
41598,왕벚꽃,0,6,95,"450,580",김원숙,DISCREET CAT,FOLK,최봉주,16,20,4,5,1,1,1
46082,용비서울,1,2,31,"33,000",정성진,선더모카신,엑톤신화,휴양마,999,1,1,0,0,0,5
46337,용비퀸,2,2,0,0,정성진,한센,로드언드프레이즈,휴양마,999,1,0,0,0,0,6
43712,용암보스,1,3,48,"91,150",김학록,카우보이칼,엘리사타운,곽영효,19,12,3,1,2,0,4
44910,용천지상,0,3,28,"15,550",함평제일,선더모카신,볼륨업,휴양마,999,7,0,2,0,0,5
44829,용호지마,1,3,37,"64,600",(주)디알엠씨티,테이크차지인디,프렌드오브어프렌,박재우,50,9,0,5,0,0,4
43904,우뚝,1,3,0,"6,500",배은정,미스치비어슬리,억순이,휴양마,999,4,0,0,1,0,6
41659,우리,1,6,88,"304,350",김진태,ALTERNATION,MY FAVORITE TUNE,강환민,31,24,5,2,2,1,1
43929,우승바람,0,3,26,"20,000",퓨리나(주),메니피,걸인스타일,곽영효,19,5,0,1,2,0,5
41367,우아륭,2,5,68,"535,740",임흥호,테스타마타,금따,안해양,26,15,5,2,1,0,2
43829,우주의봄,2,3,29,"32,400",강종우,한센,앰버고,배대선,20,5,1,0,1,0,5
43928,우청륭,1,3,0,"7,500",임흥호,커널존,동방의새아침,안해양,26,8,0,1,0,0,6
41467,운외창천,2,5,51,"122,170",장수영,토우트,리틀재규어스,우창구,5,20,3,2,4,0,3
45243,울트라갤럭시,1,2,0,"8,600",(주)나스카,페더럴리스트,대륙의별,최용건,51,3,0,0,1,0,6
45476,울트라삭스,2,2,27,"26,400",김창식,올드패션드,그레이스필,강성오,9,4,0,2,0,0,5
42443,울트라킹,0,4,54,"124,680",조명식,테이크차지인디,우리바다,안병기,22,20,3,2,4,0,3
45323,울프플레이,1,2,30,"33,000",조현영,티즈원더풀,투스텝삼바,최영주,3,2,1,0,0,0,5
44826,원더루키,1,3,0,0,손병철,포리스트캠프,메인어브젝티브,안병기,22,1,0,0,0,0,6
39263,원더케이,1,6,41,"93,980",강경운,선더모카신,언브라이들드로렌,우창구,5,23,2,4,3,0,4
42554,원더풀데블,2,4,43,"76,430",(주)녹원목장,테스타마타,월들리듀드,서홍수,24,16,2,1,2,0,4
38894,원더풀루비,2,6,69,"224,750",지대섭,테스타마타,애너즈코즈,배휴준,29,30,4,5,3,0,2
45815,원더풀리걸,1,2,0,0,(주)녹원목장,퍼지,리걸에어,배휴준,29,1,0,0,0,0,6
43142,원더풀머스킷,2,4,30,"21,140",윤지중,머스킷맨,퍼스트클래스캣,서홍수,24,7,1,0,1,0,5
44247,원더풀뮤직,2,3,0,"12,600",이미경,티즈원더풀,매글레브,곽영효,19,6,0,1,1,0,6
42746,원더풀샘,2,4,39,"47,750",윤훈열,커널존,롱런드림,박희철,15,13,2,1,0,0,4
43888,원더풀섀도우,2,3,30,"22,000",지대섭,올드패션드,지봉사랑,휴양마,999,4,1,0,0,0,5
42134,원더풀우먼,2,4,34,"48,420",김선식,머스킷맨,원더풀투나잇,조현수,11,12,1,3,1,0,5
45219,원더풀위싱,2,2,0,0,지대섭,퍼지,노블만료,임채덕,35,4,0,0,0,0,6
45826,원더풀위크,2,2,32,"36,000",지대섭,테이크차지인디,스크루이,이준철,48,2,1,0,0,0,5
45790,원더풀인디,0,2,31,"46,200",지대섭,퍼지,레몬펀치,서인석,33,3,1,1,0,0,5
42498,원더풀조이,0,4,29,"27,390",김기종,KITTEN'S JOY,더블앤티,문병기,21,14,2,0,1,0,5
40261,원더풀캣,2,5,21,"17,870",(주)녹원목장,사담파테크,황금키,임채덕,35,31,0,1,2,0,5
43351,원더풀케이,1,4,68,"197,090",강경운,퍼지,다이아걸,배대선,20,20,5,2,3,0,2
44813,원더풀키티,2,3,54,"177,600",지대섭,유로실버,아프리칸골드,서인석,33,11,2,4,3,0,3
42974,원더풀타이쿤,1,4,42,"73,760",(주)녹원목장,퍼지,론다도르,서홍수,24,11,2,0,5,0,4
39008,원더풀트루스,2,6,66,"219,430",지경미,테스타마타,예스트라이크,배휴준,29,30,4,4,1,0,2
45829,원더풀티지,1,2,0,0,지대섭,티즈웨이,홀리데이스타렛,박윤규,4,4,0,0,0,0,6
44315,원더풀퍼지,0,3,0,"1,600",(주)녹원목장,퍼지,배그대드커페이,배대선,20,2,0,0,0,0,6
42261,원더풀하와이,2,4,0,"11,790",지대섭,퍼지,허쉬틸드,서범석,12,14,0,1,1,0,6
42816,원더풀화성,1,4,26,"15,240",조중호,티즈원더풀,밋미인드림랜드,곽영효,19,8,0,2,0,0,5
44141,원모어러시,2,3,30,"32,150",이일형,카우보이칼,그레이스컬린,휴양마,999,12,1,0,2,0,5
44144,원스피어,0,3,0,0,굿원,지롤라모,폴리아스,문병기,21,2,0,0,0,0,6
40798,원앤온리,2,5,36,"92,820",조용학,한센,스위트메리티,서홍수,24,32,2,4,2,0,4
40524,원지,0,5,36,"59,180",우태율,사담파테크,런라이트스루,안병기,22,21,2,2,1,0,4
40551,원퍼트,0,5,47,"105,540",박시용,포리스트캠프,뜨거운환호,서홍수,24,27,3,2,0,0,4
44143,원평가속,1,3,84,"310,950",김용재,메니피,비바라슬램,정호익,10,14,4,6,0,0,1
44362,원평광야,2,3,30,"19,350",김용재,지롤라모,광야일출,정호익,10,11,1,0,1,0,5
44292,원평버드,0,3,0,0,김용재,퍼지,플러터버드,유재길,23,7,0,0,0,0,6
45503,원평축제,1,2,0,0,김용재,퍼지,안성축제,홍대유,6,1,0,0,0,0,6
44526,원평코드,1,3,43,"73,000",김용재,메니피,케이프코드걸,정호익,10,9,1,3,1,0,4
44645,원평퀸,2,3,26,"17,600",김용재,테이크차지인디,커팅에지,유재길,23,11,0,2,0,0,5
45303,원평킬라,1,2,29,"29,400",김용재,GOOD SAMARITAN,킬라리드,서인석,33,4,0,2,0,0,5
45302,원평타운,1,2,32,"46,600",김용재,MO TOWN,시어리어슬리마인,정호익,10,5,0,3,1,0,5
44067,월드레이서,1,3,48,"90,000",손병철,어플릿익스프레스,익스퀴짓뷰티,송문길,40,5,3,0,0,0,4
45158,월드참,1,3,60,"118,800",김세민,테스타마타,블랙탄,유재길,23,5,4,1,0,0,3
46536,월드킹맨,1,2,30,"57,000",박평양,메니피,동방신화,박윤규,4,6,1,1,0,0,5
45295,월드플레이,1,2,0,"2,400",조현영,컬러즈플라잉,메이크마인미니,최영주,3,3,0,0,0,0,6
44015,웰빙챔피언,2,3,30,"20,150",이미경,커널존,웰빙퀸,박희철,15,9,1,0,0,0,5
40017,위너골드,1,7,123,"863,500",전영범,WILDCAT HEIR,DANCE SPECIAL,우창구,5,38,10,6,7,1,1
45497,위너드래건,1,2,0,"3,000",오종환,메니피,플라이위너,심승태,37,2,0,0,0,0,6
38640,위너브라운,1,6,76,"263,620",손병현,캡틴콜티시,미스다이앤,김윤섭,32,19,6,2,2,0,2
41607,위너블루,0,5,51,"192,310",전영범,올드패션드,매직치프,우창구,5,28,3,3,5,0,3
45726,위너영,1,2,0,"16,200",전영범,티즈원더풀,루시엔,우창구,5,2,0,1,0,0,6
38463,위너이즈웰,1,6,42,"52,060",요시다 가츠미,GOLD ALLURE,배그대드커페이,휴양마,999,7,3,0,2,0,4
52035,위너콜,2,2,38,0,에스지이건설,COLLECTED,AND STAY OUT,홍대유,6,1,0,0,0,1,4
41256,위너콰드릴,2,5,42,"73,500",요시다 가츠미,GOLD ALLURE,콰드릴,휴양마,999,8,3,2,0,0,4
38470,위너템플러,2,6,44,"88,640",요시다 가츠미,DUNKIRK,프리마포어저,안병기,22,18,2,4,3,0,4
50223,위대한군주,0,3,37,0,김창식,HIT IT A BOMB,SHE'S EXTREME,휴양마,999,3,0,0,0,1,4
44386,위대한한마,2,3,0,"3,600",이미양,한센,마오노,박재우,50,8,0,0,0,0,6
41082,위시미,2,5,95,"808,740",강무웅,엑톤파크,위시미석세스,최용구,8,13,6,5,0,0,1
40840,위즈모멘트,2,5,60,"147,840",최몽주,메니피,매치리스모멘트,송문길,40,16,5,2,2,0,3
44096,위즈업,1,3,29,"18,150",최몽주,메니피,믹스업,송문길,40,5,1,0,0,0,5
44928,유니콘알파,1,4,51,"83,100",권태석,TAPIZAR,SEVEN SKIES,최용구,8,14,2,0,1,1,3
45759,유니콘킹덤,1,2,0,"13,200",권태석,JIMMY CREED,시티래스,최용구,8,3,0,1,0,0,6
45978,유니콘히트,2,2,31,"41,400",권태석,카우보이칼,카우아이콜즈,최용구,8,2,1,0,1,0,5
44601,유레카,1,3,0,"11,900",(주)나스카,선더모카신,에스키모즈베스트,이신영,14,8,0,0,0,0,6
44134,유로강자,0,3,0,"6,000",조창규,유로실버,대륙강자,신삼영,41,10,0,0,1,0,6
43244,유정챔프,1,4,44,"80,700",이성님,포리스트캠프,유정여장군,휴양마,999,20,3,0,3,0,4
43681,유쾌한날들,1,3,58,"153,720",김세권,한센,유성제일,박재우,50,12,3,3,3,0,3
45515,유쾌한사랑,2,2,0,"13,200",김세권,올드패션드,마이스타일,박재우,50,1,0,1,0,0,6
44196,유쾌한선택,1,3,40,"53,140",김세권,케이탑,다이아찬스,휴양마,999,9,1,2,2,0,4
44402,은성마루,2,3,50,"81,000",은성,메니피,마그네틱플레이스,박천서,54,10,2,1,2,0,4
45851,은성사랑,2,2,0,0,은성,커널존,주말축배,유재길,23,1,0,0,0,0,6
44684,은파마운틴,1,3,34,"29,750",이미경,커널존,스페셜파워,박희철,15,7,1,0,2,0,5
45799,은파챔피언,1,2,32,"33,000",이미경,한센,퀸크릭캣,서인석,33,1,1,0,0,0,5
44233,은혜,1,3,31,"42,400",강태구,메니피,캐치더스피릿,최용구,8,5,1,1,1,0,5
44251,은혜가문,2,3,0,0,강태구,라이언메탈,골드플라잉,최용구,8,2,0,0,0,0,6
44232,은혜드림,2,3,30,"28,750",강태구,지롤라모,일망무제,박병일,27,11,0,2,2,0,5
43776,은혜레코드,1,3,31,"27,850",강태구,커널존,부경게이트,최용구,8,10,0,2,1,0,5
44229,은혜서브,2,3,38,"60,850",강태구,투아너앤드서브,레이디프레스카,박병일,27,12,1,2,2,0,4
41273,은혜충만,2,5,36,"35,950",강태구,사이먼퓨어,프러클레임,박병일,27,12,1,2,0,0,4
40563,은혜파도,2,5,24,"37,890",강태구,티즈원더풀,퀴니비,김동철,53,25,1,2,1,0,5
44625,이글포인트,1,3,35,"47,200",이관형,콩코드포인트,화이트이글,전승규,25,6,1,2,0,0,5
44346,이너피스,2,3,34,"38,700",김경민,선더모카신,딕시어벤저,휴양마,999,6,1,1,2,0,5
45366,이다나은,1,2,0,"2,400",이진경,커널존,불릿,구자흥,7,1,0,0,0,0,6
43008,이무기,1,4,45,"72,440",황은호,티즈원더풀,스페셜레드,휴양마,999,17,3,0,1,0,4
42914,이스트매직,2,4,29,"17,250",김영구,포리스트캠프,배블클래식,박재우,50,11,1,0,0,0,5
41928,이스트반,0,5,53,"114,770",임종근,CONSTITUTION,MOORED,박윤규,4,20,1,5,2,1,3
42497,이스트임팩트,0,4,62,"152,760",김영구,피스룰즈,짐키드,박재우,50,14,5,4,1,0,3
40909,이스트제트,0,5,118,"762,000",김영구,스트라이크어게인,렌드,휴양마,999,22,9,4,0,0,1
42570,이스트트로스,2,4,0,"6,750",김영구,콩코드포인트,명가캠프,휴양마,999,10,0,1,0,0,6
37099,이천쌀,0,7,49,"250,700",이천시청,캐피털스팬딩,리치이모션즈,휴양마,999,33,3,5,1,0,4
41120,이터널메모리,0,5,45,"101,230",오종택,스트라이크어게인,베씸,박재우,50,23,3,1,4,0,4
38666,인듀어런스,1,6,43,"132,050",조용학,록하드텐,댄징샐리,서홍수,24,42,2,6,0,0,4
45575,인디언의별,1,2,0,"13,200",오종환,한센,인디언다이아몬드,심승태,37,1,0,1,0,0,6
42806,인빅터스,2,4,34,"31,650",김정철,콩코드포인트,아만포어,최용건,51,15,1,2,0,0,5
41786,인천캡틴,1,6,62,"126,570",에스지이건설,GRAYDAR,SUNDAY MONEY,정호익,10,12,2,2,2,1,3
42960,일격필살,1,4,54,"135,400",김창식,카우보이칼,블리스터링스트라,강성오,9,16,2,4,3,0,3
1412363,일동박수,2,2,0,"8,400",이관형,커널존,오리엔탈패스,김동균,52,1,0,0,1,0,6
39565,일마레,1,6,42,"92,550",기무라요시아키,유로실버,쉬저핫디시,서범석,12,34,2,2,4,0,4
45891,임페리얼본,1,2,0,0,박준배,티즈원더풀,임페리얼걸,최영주,3,2,0,0,0,0,6
45566,자이언트인디,1,2,30,"36,000",남기태,테이크차지인디,코즈투셀러브레트,리카디,34,3,1,0,0,0,5
44243,자이언트킬링,1,3,41,"92,100",이종훈,테이크차지인디,산방미인,휴양마,999,7,2,0,3,0,4
45482,자이언트펀치,1,2,42,"154,000",이종훈,콩코드포인트,캔데슨트,송문길,40,4,2,0,2,0,4
44339,작두콩,2,3,26,"15,100",임한용,올드패션드,업라이징,정호익,10,10,0,0,3,0,5
43806,장군별,1,3,41,"59,050",오종환,메니피,인디고노스,최봉주,16,10,2,1,2,0,4
45949,장비무지개,2,2,0,"10,800",장수영,한센,센걸,우창구,5,2,0,0,1,0,6
42413,장산가드,1,4,44,"78,280",김병진,컬러즈플라잉,시티버드,휴양마,999,16,1,5,1,0,4
42917,장산레이저,1,4,91,"279,450",김병진,메니피,익스체인지스튜던,최용건,51,13,6,3,0,0,1
43436,장산몬스터,0,5,58,"117,180",김병진,PAYNTER,PEGASUS PRINCESS,토니,30,17,1,2,7,1,3
44749,장산미사일,0,4,68,"129,980",김병진,WILL TAKE CHARGE,JULIE FROM DIXIE,강환민,31,13,4,1,4,1,2
41433,장산바다,1,5,92,"406,960",김형란,올드패션드,한바다,토니,30,19,7,4,3,0,1
43437,장산스타트,0,5,36,"30,690",김병진,ORB,WISH AWAY,토니,30,19,0,1,1,1,4
43494,장산탱크,0,5,43,"69,700",김병진,WILL TAKE CHARGE,ANNATLANTIC,최용건,51,21,1,0,4,1,4
43438,장산포에버,0,5,75,"154,400",김병진,CONVEYANCE,THE SCHVAGEN,리카디,34,10,4,2,1,1,2
43885,장산포이즌,1,3,73,"164,900",김병진,KANTHAROS,진저러시,최용건,51,12,4,2,2,0,2
38575,장산플라이,0,6,63,"245,490",김형란,컬러즈플라잉,스톨른미스,토니,30,30,5,4,3,0,3
41500,장수나봄,1,5,32,"58,120",서동해,올드패션드,미스로브,박재우,50,22,1,2,4,0,5
46162,장흥클래스,1,2,0,0,임한용,투아너앤드서브,큐트앤새시,최봉주,16,2,0,0,0,0,6
41391,전정사금,2,5,49,"118,890",박재범,티즈원더풀,플리트코즈웨이,이관호,42,20,2,3,3,0,4
41218,정문볼트,1,5,64,"161,230",김재영,한센,프런틴,휴양마,999,22,3,5,2,0,3
39498,정문사이,1,6,89,"449,820",김재영,사이먼퓨어,케이빌,홍대유,6,23,6,3,4,0,1
43456,정문에이스,1,5,63,"148,750",김재영,OXBOW,GREENAPPLE MARTINI,홍대유,6,24,2,5,3,1,3
42702,정문최강,0,4,21,"17,490",김재영,올드패션드,리마커블스토리,구자흥,7,20,1,0,0,0,5
43920,정문파파고,0,3,28,"21,900",김재영,카우보이칼,설트리조스키,구자흥,7,5,0,2,1,0,5
45924,정상럭키,2,2,0,0,정동진,머스킷맨,사우스바운드,강환민,31,2,0,0,0,0,6
39620,정상스타,2,6,62,"174,670",정동진,테스타마타,러브마이와일드캣,박희철,15,23,5,2,2,0,3
44466,정상제트,2,3,51,"127,350",정동진,MR. Z,스마트사이트,박희철,15,12,3,1,0,0,3
43585,정상킹덤,1,5,39,"56,670",정동진,LOOKIN AT LUCKY,NASH'S JOY,박희철,15,28,0,2,2,1,4
44218,정상파이팅,2,3,28,"27,600",정동진,한센,어나더헤리티지,강환민,31,8,1,0,1,0,5
46030,정우도다샤,2,2,0,0,민용태,테이크차지인디,노피곰도다샤,박천서,54,1,0,0,0,0,6
45404,정우포에버,0,2,0,"3,000",민용태,테이크차지인디,마이티포에버,박천서,54,1,0,0,0,0,6
50317,정우플라잉,1,3,0,0,민용태,컬러즈플라잉,라이런,박천서,54,1,0,0,0,0,6
43429,제다이,2,4,60,"224,400",(주)나스카,카우보이칼,빛의여왕,휴양마,999,18,4,4,4,0,3
46313,제다이포스,2,4,38,"19,800",(주)나스카,PALACE MALICE,SUMMER RENDEZVOUS,송문길,40,8,0,0,1,1,4
42646,제로백파이브,2,4,0,"1,250",청수,포리스트캠프,미스트래블린,휴양마,999,9,0,0,0,0,6
45203,제로백포,2,2,0,0,청수,지롤라모,팻시즈프린세스,휴양마,999,2,0,0,0,0,6
37599,제왕의별,1,7,58,"240,400",(주)녹원목장,엑톤파크,런라이트스루,임채덕,35,40,4,5,1,0,3
46273,제우시대,2,2,0,"11,400",구인택,카우보이칼,애비,최용건,51,4,0,0,1,0,6
43532,제이에스군주,0,5,51,"112,500",박민지,DANZA,TICO BREEZE,박재우,50,26,1,4,1,1,3
45457,제이에스군황,1,4,36,"16,200",박민지,VIOLENCE,JERMIDY,손영표,2,15,0,0,1,1,4
45104,제이트로스,2,3,36,"74,150",허장원,카우보이칼,트라피컬선셋,휴양마,999,10,1,3,1,0,4
45159,제이피닉스,0,3,40,"76,600",허장원,올드패션드,빛의여왕,휴양마,999,4,2,1,1,0,4
39308,제주의요정,2,6,35,"72,080",미즈타니 마사테루,채플로열,검은요정,최봉주,16,29,2,1,4,0,5
37212,제주의흑선,2,7,51,"167,490",무라카미 켄세이,원쿨캣,빅터우먼,서범석,12,43,1,8,6,0,3
45999,제타마스터,1,2,0,0,김갑수,테스타마타,백산여왕,우창구,5,2,0,0,0,0,6
43070,젤로스,2,4,26,"14,100",함평제일,시에로골드,브리짓스드림,휴양마,999,14,0,1,2,0,5
41733,조우니가,2,6,74,"257,600",안희철,GOLDENCENTS,DIXIE STAMP,문병기,21,32,3,4,3,1,2
40602,조이브라더,0,5,75,"318,290",이성인,피스룰즈,풀문파티,리카디,34,22,6,5,2,0,2
42131,좋은관계,0,4,47,"124,040",유영준,머스킷맨,수호천사,신삼영,41,20,2,2,4,0,4
46261,주몽천하,1,2,0,"16,200",씨유네트워크,카우보이칼,킹덤레이스,강환민,31,2,0,1,0,0,6
44296,주얼리베스트,2,3,0,"2,000",김태성,지롤라모,주얼리파티,심승태,37,11,0,0,0,0,6
43186,중추부사,2,4,31,"28,800",김기종,컬러즈플라잉,비바라슬램,강성오,9,10,2,1,0,0,5
43181,지금여기에,1,4,27,"38,400",최성룡,커널존,승리의함성,김윤섭,32,23,1,1,1,0,5
45183,지모션,1,2,0,"21,600",이강운,SUMMER FRONT,레이디도리스,리카디,34,2,0,1,1,0,6
43318,지산군,1,4,55,"99,550",(주)인펨,커널존,미스메리트,안해양,26,16,3,2,2,0,3
45086,지스타,0,3,31,"26,950",(주)인펨,메니피,꽃마루,안해양,26,8,1,1,0,0,5
44239,질주대세,2,3,31,"22,550",김창표,빅스,동남대로,휴양마,999,2,1,1,0,0,5
42143,질주본,0,4,50,"106,110",박준배,애니기븐새터데이,스테인드글라스,최영주,3,13,2,2,4,0,4
44493,질주에바다,1,3,26,"21,000",고재완,애니기븐새터데이,사이치,휴양마,999,13,0,1,2,0,5
40792,질주의꿈,2,5,36,"71,690",박남성,아치아치아치,스마티비곤,전승규,25,15,2,1,0,0,4
44249,질주의칸,2,3,30,"23,250",희망홀스,카우보이칼,으뜸칸,휴양마,999,7,1,0,0,0,5
45581,질풍한별,2,2,0,0,고창범,선더모카신,질풍당당,구자흥,7,1,0,0,0,0,6
45238,짜릿한자유,1,2,0,0,우태율,커널존,아가워,안병기,22,2,0,0,0,0,6
39891,짱콩,1,7,107,"461,100",이태인,티즈웨이,캐어리에터,배대선,20,28,5,4,5,1,1
44489,차돌런,2,3,27,"20,950",전은영,AMERICAN FREEDOM,머큐리얼메니스,홍대유,6,12,1,0,1,0,5
43764,차이밍보이,1,3,0,"4,750",곽승용,카우보이칼,차이밍비카,최봉주,16,5,0,0,1,0,6
42703,찬란한날,1,4,43,"87,840",진교원,퍼지,어번쇼커,임채덕,35,19,2,3,0,0,4
46598,찬란한불꽃,2,2,0,"8,400",진교원,한센,한강제일,임채덕,35,1,0,0,1,0,6
45275,찬란한폭풍,1,2,0,"2,400",진교원,퍼지,듀앨폭풍,임채덕,35,3,0,0,0,0,6
43685,참좋은친구,2,3,62,"268,900",임한용,머스킷맨,구글렛,이준철,48,9,3,1,2,0,3
44531,채플프린세스,2,3,32,"27,750",미즈타니 마사테루,채플로열,아쿠아프린세스,서범석,12,7,1,1,0,0,5
44267,챈슬러,1,3,30,"19,350",정이철,티즈원더풀,디렉션,홍대유,6,6,1,0,1,0,5
40914,챌린지삭스,2,5,40,"77,480",김창식,올드패션드,캐쥬얼애티튜드,이관호,42,19,2,2,3,0,4
43184,챔피언가문,0,4,35,"58,250",(주)늘푸른목장,티즈원더풀,가문영광,최봉주,16,20,1,2,2,0,5
44008,챔피언함성,1,3,0,0,황의영,지롤라모,스틸골든,이관호,42,7,0,0,0,0,6
41903,천군,0,5,44,"69,150",황은호,GOLDENCENTS,RAPID DECISION,이관호,42,21,1,2,2,1,4
39113,천년의바람,0,6,37,"92,240",류화영,사이먼퓨어,베스트코리안,휴양마,999,36,2,2,2,0,4
42487,천둥세자,1,4,36,"58,470",김영근,모던카우보이,팻츠이미지,김동균,52,20,2,0,1,0,4
43908,천둥오름,2,3,27,"12,000",김광명,페더럴리스트,말리부퀸,전승규,25,8,0,2,0,0,5
44259,천리총,2,3,32,"43,900",조금제,한센,멀티챔프,배휴준,29,14,0,4,1,0,5
42957,천마비상,2,4,53,"103,650",정승희,KITTEN'S JOY,더빅앤배디스트버,서인석,33,14,2,5,0,0,3
45434,천마챗,1,2,32,"21,350",조금제,애니기븐새터데이,토니투스완,최봉주,16,6,1,0,1,0,5
43160,천비성,1,4,46,"103,940",이긍열,피스룰즈,대화합,강환민,31,19,2,3,4,0,4
43497,천사박,2,5,42,"42,800",(주)디알엠씨티,CREATIVE CAUSE,SCOOTINIT,배대선,20,26,1,1,0,1,4
44115,천송이,2,3,27,"14,400",조금제,선더모카신,라이브퀸,최봉주,16,16,0,2,0,0,5
50020,천운챗,2,2,0,0,조금제,록하드텐,아이러브유,배휴준,29,1,0,0,0,0,6
44392,천은총,2,3,28,"24,950",조금제,선더모카신,선골드스키피,배휴준,29,14,1,0,1,0,5
45479,천존챗,2,2,0,"11,400",조금제,MOR SPIRIT,아리치아,배휴준,29,4,0,0,1,0,6
46513,천지광풍,1,3,55,"61,800",김영선,MACLEAN'S MUSIC,THICKER THAN WATER,박윤규,4,10,1,2,0,1,3
40681,천지여걸,2,5,75,"257,290",최임규,사이먼퓨어,프리트인그란,김동균,52,20,4,4,4,0,2
43736,천지의빛,2,3,0,"2,400",최임규,퍼지,제스프릿,휴양마,999,9,0,0,0,0,6
40106,청담지니,0,6,103,"376,600",김병진,HAYNESFIELD,GHAZO,토니,30,27,6,2,2,1,1
40701,청담탱크,2,5,50,"129,530",김병진,엑톤파크,바잉티그,토니,30,21,2,5,3,0,4
43138,청산강호,1,4,58,"140,230",황은호,메니피,토털리톡식,휴양마,999,22,4,1,3,0,3
43993,청산영웅,0,3,35,"50,850",황은호,메니피,트위즈,이관호,42,12,1,2,2,0,5
44927,청춘비바,0,4,47,"70,110",한명로,TWO STEP SALSA,PURSUING FATE,토니,30,17,2,0,2,1,4
40797,초인강자,1,5,49,"169,550",박남성,메니피,루시판드,안병기,22,24,2,4,1,0,4
42962,초인스파크,1,4,25,"24,430",박남성,카우보이칼,코마릴로,휴양마,999,16,0,2,1,0,5
40650,초토마,0,5,37,"83,500",박남성,BLAME,레디나우,전승규,25,19,2,1,3,0,4
42254,최강게임,1,4,69,"228,010",이강운,퍼지,거츠게임,전승규,25,11,5,0,2,0,2
42994,최강돌풍,1,4,0,0,이강운,카우보이칼,스티클러,강성오,9,2,0,0,0,0,6
44576,최강미래,0,3,0,0,이강운,피스룰즈,미래여제,토니,30,2,0,0,0,0,6
42258,최강블랙,2,4,61,"387,840",이강운,퍼지,올와이즈,리카디,34,13,3,1,4,0,3
44751,최강블레이드,0,4,46,"33,350",김형란,MIDSHIPMAN,PYRAMYST,강환민,31,5,0,2,1,1,4
43083,최강장산,0,4,36,"46,540",김호선,올드패션드,퀸즈블레이드,토니,30,15,1,0,4,0,4
42961,최강퀸,2,4,56,"131,710",박남성,카우보이칼,소서노,박재우,50,14,3,3,3,0,3
38781,최강파티,0,6,52,"141,750",이강운,메니피,백파,리카디,34,28,3,3,5,0,3
46104,최강현마,1,2,0,"2,400",(주)디알엠씨티,올드패션드,투리브포,전승규,25,1,0,0,0,0,6
45655,최고레이스,1,4,63,"122,300",이강운,레이스데이,A. P. ANDREA,강성오,9,14,2,2,2,1,3
44317,최고블랙,1,3,40,"48,600",이강운,테스타마타,콰드릴,강성오,9,5,2,0,0,0,4
43836,최고포인트,0,3,0,"3,500",이강운,테이크차지인디,픽셔널리티,강성오,9,5,0,0,1,0,6
43521,춘산,2,5,62,"182,220",이관형,CAIRO PRINCE,BETTY'S WISH,전승규,25,19,3,2,1,1,3
42916,치프인디,1,4,91,"501,010",박남성,테이크차지인디,시티스플래쉬,박재우,50,16,8,2,3,0,1
44065,카우보이킹,0,3,41,"51,000",강무웅,카우보이칼,킵유어윗어바웃유,최용구,8,7,2,0,1,0,4
42292,카우보이탱고,0,4,27,"37,240",임동현,카우보이칼,탱고스텝,최상식,28,18,1,2,2,0,5
42819,카지노스타,2,4,0,0,미즈타니 마사테루,CASINO DRIVE,러브미니스터,서범석,12,10,0,0,0,0,6
45948,캐츠아이,1,2,0,"8,400",금악목장,페더럴리스트,말리부퀸,홍대유,6,2,0,0,1,0,6
45193,캐츠우먼,2,2,0,"2,400",금악목장,페더럴리스트,다이아캣,임채덕,35,4,0,0,0,0,6
46435,캔디여왕,2,4,0,"1,000",이장운,퍼지,엠파이어캔디,휴양마,999,3,0,0,0,0,6
44154,캠프세이버,2,3,25,"20,200",김창호,포리스트캠프,내사랑담양,최용건,51,12,0,1,2,0,5
40452,캡틴브라보,0,5,55,"136,690",김용래,투아너앤드서브,다이나믹퀄리티,곽영효,19,26,4,1,3,0,3
44522,컴플리트럭키,2,3,28,"33,100",장세준,메니피,문차머,강환민,31,9,0,2,1,0,5
45537,컴플리트레벨,1,2,35,"46,200",장세준,테이크차지인디,검화,휴양마,999,2,1,1,0,0,5
44137,컴플리트밸류,1,3,83,"770,960",장세준,지롤라모,포트스덕션,박재우,50,10,6,2,1,0,1
46270,컴플리트엔젤,2,2,0,"3,000",장석영,한센,검은요정,휴양마,999,2,0,0,0,0,6
43846,컴플리트웨펀,1,3,37,"53,800",장석영,한센,평촌라이언,박재우,50,6,1,2,0,0,4
43824,컴플리트조이,2,3,0,"2,000",장석영,포리스트캠프,신세계신화,휴양마,999,6,0,0,0,0,6
40272,컴플리트캡틴,1,5,57,"170,100",장석영,포리스트캠프,새로운리더,조현수,11,17,4,1,3,0,3
44553,컴플리트타임,2,3,60,"167,150",장세준,올드패션드,리비어덕션,휴양마,999,9,4,2,1,0,3
45803,컴플리트포스,1,2,31,"33,000",장세준,스트라이크어게인,포트스덕션,박재우,50,2,1,0,0,0,5
45415,케이빅토리,0,2,0,0,(주)선우패션,테이크차지인디,신청파,최용구,8,1,0,0,0,0,6
43403,케이엔라이트,0,4,54,"115,820",조경수,테스타마타,인디언호퍼,최봉주,16,14,4,1,1,0,3
42948,케이엔매직,2,4,51,"123,650",조경수,KANTHAROS,카우아이콜즈,최용건,51,15,2,4,3,0,3
44636,케이엔스케치,0,3,39,"53,350",조경수,컬러즈플라잉,옥녀봉,최봉주,16,7,2,0,0,0,4
43010,케이엔언더킹,0,4,39,"59,000",조경수,미스치비어슬리,윈디밸리,최용건,51,10,1,2,3,0,4
43797,케이엔올드퀸,2,3,35,"46,400",조경수,올드패션드,브와나베이브,휴양마,999,5,1,1,2,0,5
43799,케이엔티즈원,1,3,27,"21,700",조경수,티즈원더풀,백스터홀,전승규,25,8,0,0,3,0,5
43340,케이엔포스트,2,4,35,"37,500",조경수,메니피,투디엔드어브디어,최봉주,16,8,0,4,1,0,5
40275,케이톱킹,1,5,64,"165,100",오호극,엑톤파크,플라이톱퀸,김동철,53,15,5,1,2,0,3
42651,케이프렌지,0,4,42,"77,900",김영선,메니피,더블브릴리언트,박윤규,4,15,1,4,4,0,4
43315,코브라볼,1,4,75,"238,450",한명로,포리스트캠프,뉴미디어,우창구,5,13,6,1,2,0,2
44290,코스모,2,3,57,"114,600",유수현,올드패션드,아이리스,최봉주,16,7,3,3,0,0,3
44873,코스모퀸,2,3,0,"1,600",유수현,한센,호승지벽,서인석,33,4,0,0,0,0,6
44401,코스모킹,1,3,0,0,유수현,애니기븐새터데이,초원드림,휴양마,999,3,0,0,0,0,6
43207,콜조이,0,4,49,"93,520",이미경,커널존,펠릭스조이,곽영효,19,20,3,2,2,0,4
44797,콩코드스파크,2,3,38,"44,000",김정철,콩코드포인트,위즈스파크,휴양마,999,6,2,0,0,0,4
46436,콩코드스퍼트,1,3,39,"66,200",김준현,카우보이칼,콩코드Ⅱ,휴양마,999,8,1,3,1,0,4
43870,콩코드퀸,2,3,35,"40,000",김순건,콩코드포인트,백두캣,안병기,22,8,1,1,1,0,5
45101,콰이어트참,2,3,26,"11,750",김명식,카우보이칼,콰이어트시크릿,서홍수,24,5,0,0,3,0,5
45442,쾌향,1,2,38,"90,750",씨유네트워크,한센,베이그노션,박재우,50,5,1,1,0,0,4
41206,쿠레레쿠스,0,5,35,"43,440",이재원,록하드텐,허니팟,이관호,42,18,1,2,2,0,5
42278,쿨프린세스,2,4,51,"124,640",이용대,올드패션드,쿨치킨,임채덕,35,23,2,3,6,0,3
43869,퀴클리런,2,3,47,"83,600",씨유네트워크,테이크차지인디,그레이자벨라,강성오,9,5,2,3,0,0,4
44587,퀵실버,2,3,0,0,홍상기,커널존,대산여제,휴양마,999,4,0,0,0,0,6
46252,퀵실버키튼,0,4,53,"86,650",황경호,KITTEN'S JOY,SILVER UNION,휴양마,999,15,1,1,5,1,3
44116,퀸오브레이싱,2,3,28,"28,750",김진철,카우보이칼,마이패션,배휴준,29,17,1,0,1,0,5
42399,퀸오브베스트,2,4,32,"46,820",신우철,퍼지,유아더베스트,휴양마,999,20,3,0,1,0,5
42023,퀸즈투어,2,4,74,"288,080",안희철,컬러즈플라잉,데이지어데이,문병기,21,15,4,3,2,0,2
41700,큐피드가이,0,6,109,"463,380",서순배,JIMMY CREED,SHE'S EXTREME,박천서,54,26,6,7,4,1,1
43576,큐피드미션,1,5,75,"256,430",서순배,MISSION IMPAZIBLE,CREEK GIRL,서범석,12,27,3,4,8,1,2
44942,큐피드베이브,0,5,68,"160,500",서순배,POWER,DIAMOND BABE,신삼영,41,19,2,3,3,1,2
43950,큐피드보우,1,3,25,"34,800",서순배,프라이빗보우,남행열차,유재길,23,9,1,0,1,0,5
41268,큐피드비상,2,5,28,"64,090",서순배,선더모카신,화려한비상,서범석,12,25,1,2,2,0,5
45604,큐피드스윙,1,2,0,0,서순배,티즈원더풀,스윙어웨이,강환민,31,2,0,0,0,0,6
44165,큐피드와우,1,3,0,"6,600",서순배,지롤라모,어번와우,이희영,13,4,0,0,1,0,6
45351,큐피드워리어,1,2,30,"33,000",서순배,선더모카신,큐피드레이디,신삼영,41,1,1,0,0,0,5
42076,큐피드원더,2,4,53,"115,540",서순배,애니기븐새터데이,원더데이,이희영,13,18,3,4,0,0,3
44162,큐피드웨이,2,3,36,"57,600",서순배,테이크차지인디,가니쉬드웨이지스,서범석,12,9,2,1,0,0,4
45107,큐피드점보,2,3,41,"69,400",서순배,카우보이칼,점보스피드,이희영,13,5,2,1,1,0,4
45870,큐피드챔프,2,2,0,"15,600",서순배,티즈원더풀,무적의챔프,김동철,53,2,0,1,0,0,6
40925,큐피드코리아,0,5,27,"26,680",서순배,애니기븐새터데이,쿠킨아웃,이희영,13,19,0,2,2,0,5
45350,크레이지러브,2,2,28,"25,000",서창식,머스킷맨,산타마리,강환민,31,4,0,2,0,0,5
45259,크로마이트,1,2,0,"16,800",박기태,페더럴리스트,레인어브타라,전승규,25,2,0,0,2,0,6
45322,클라우드나인,1,2,0,"8,400",김근영,연승대로,월드퀸,휴양마,999,2,0,0,1,0,6
43124,클라우터,0,4,23,"23,700",김용래,애니기븐새터데이,금빛승리,배휴준,29,26,0,1,2,0,5
45075,클래스희망,2,3,0,"1,600",희망홀스,카우보이칼,태피튜드,휴양마,999,2,0,0,0,0,6
44617,클래식스타,2,3,31,"29,200",(주)나스카,페더럴리스트,실버스피닝,강환민,31,4,1,0,1,0,5
43918,클레어베스트,1,3,31,"36,950",박민지,포리스트캠프,돈나구스카,송문길,40,5,1,1,0,0,5
45094,클레어파워,0,3,0,"8,700",박민지,테스타마타,셀라,손영표,2,7,0,0,1,0,6
45905,클로버파티,1,2,0,0,김용래,지롤라모,샤인클로버,배휴준,29,1,0,0,0,0,6
38854,클리어검,2,6,92,"661,780",조창석,클리어어템프트,쾌검,휴양마,999,28,6,5,3,0,1
43593,클린업샤인,2,5,67,"168,510",씨유네트워크,AWESOME OF COURSE,SHINING MOMENT,강환민,31,20,3,2,3,1,2
40349,클린업해피,0,5,97,"327,500",씨유네트워크,PAYNTER,드림딜라이트,박재우,50,19,6,6,3,0,1
44968,킹덤스톰,0,4,45,"30,400",양순희,CONGRATS,BAVARIAN BELLE,배대선,20,13,1,0,1,1,4
43691,킹마운틴,1,3,33,"30,300",이미경,애니기븐새터데이,셈바왕,홍대유,6,12,0,3,1,0,5
44177,킹스아이,1,3,43,"45,350",금악목장,페더럴리스트,펠라피네,휴양마,999,6,2,0,1,0,4
42675,킹심바,0,4,29,"28,060",이관형,컬러즈플라잉,골든데일,강성오,9,15,1,1,1,0,5
44487,킹아너,1,3,40,"56,750",희망홀스,투아너앤드서브,정보왕,박윤규,4,8,2,1,2,0,4
40258,킹에이스,1,5,43,"74,600",박철근,테스타마타,오마이크릭,전승규,25,9,1,4,1,0,4
41042,킹칸모르,1,5,57,"152,230",이중연,한센,빅터헌터,휴양마,999,24,4,3,1,0,3
46511,킹칼레,0,3,38,"3,000",박호균,바이언,SHUNGO,휴양마,999,2,0,0,0,1,4
45109,타라타라타라,1,4,34,"2,000",청수,바이언,DANCING DAISY,휴양마,999,8,0,0,0,1,4
45915,타우루스퀸,2,2,0,"13,200",허장원,테이크차지인디,반지의장미,송문길,40,1,0,1,0,0,6
43924,타이탄삭스,1,3,46,"104,000",김창식,퍼지,천억이,이신영,14,12,2,1,5,0,4
40386,탁트인,2,5,54,"185,560",김광명,한센,스트리트골드,문병기,21,25,3,3,3,0,3
43769,탄산,2,3,0,"6,000",배은정,위드디스팅션,트랜스퍼메이션,김윤섭,32,6,0,0,0,0,6
43123,탑퀄리티,0,4,46,"81,800",김정철,디바인파크,나우코프위드디스,박종곤,1,15,2,3,2,0,4
42419,태양타고,2,4,40,"88,620",최성룡,디바인파크,최초로,김동철,53,20,1,2,4,0,4
46593,탭다운,1,3,37,"14,400",최상일,ANCHOR DOWN,FUZZY KIM,서인석,33,7,0,0,1,1,4
44478,탱자,1,3,0,"13,300",임한용,한센,이스트퀸,박병일,27,5,0,1,1,0,6
44488,터치나인,1,3,46,"101,800",강현철,FED BIZ,골든로즈Ⅱ,강성오,9,12,3,0,2,0,4
44326,터프가이,1,3,41,"65,300",(주)디알엠씨티,메니피,금빛물결,정호익,10,7,2,0,1,0,4
42738,터프맨,0,4,55,"97,710",김광명,테이크차지인디,패티즈스위트송,정호익,10,16,4,3,1,0,3
43843,터프여제,2,3,0,"8,800",김광명,테이크차지인디,스트리트골드,정호익,10,7,0,1,0,0,6
44554,테스조이,2,3,0,0,김광영,테스타마타,조이너피스,휴양마,999,3,0,0,0,0,6
44378,테이크머니,0,3,31,"13,750",김용래,테이크차지인디,리버포리스트,휴양마,999,5,1,0,0,0,5
46338,테이크뮤직,2,2,31,"46,200",이미경,테이크차지인디,우승이야기,곽영효,19,3,1,1,0,0,5
45100,텐배거,1,3,36,"54,200",김명식,카우보이칼,슈거빅토리,휴양마,999,13,2,0,1,0,4
42494,토루크막토,2,4,0,"3,540",김봉섭,애니기븐새터데이,팬시폴리,휴양마,999,16,0,0,0,0,6
45283,토호스카이,1,2,31,"35,400",최임규,투아너앤드서브,물보라,김동균,52,4,1,0,0,0,5
41199,톱시드,0,5,59,"146,650",임동현,LOUIS QUATORZE,미그레이팅우르술,박병일,27,20,4,3,5,0,3
44028,톱클래스,1,3,39,"58,350",김기종,올드패션드,로드언드프레이즈,강성오,9,9,2,1,0,0,4
43941,톱포지션,2,3,0,"13,350",(주)디알엠씨티,카우보이칼,브룩헤이븐,이관호,42,8,0,0,2,0,6
44454,투게더웨이,1,3,0,"2,250",김봉겸,한센,스틸홈,배대선,20,7,0,0,0,0,6
45424,투어퀸,2,2,30,"33,000",이경호,티즈원더풀,컨셉리처블,이준철,48,2,1,0,0,0,5
42321,투에이스,0,4,0,"8,100",강현찬,탐라에이스,에이스마린,임채덕,35,14,0,1,0,0,6
44179,투투키튼,2,3,0,"1,000",강용익,커널존,런키튼런,조현수,11,3,0,0,0,0,6
45822,투혼기상,2,2,30,"33,000",김근영,한센,해운대기상,최영주,3,1,1,0,0,0,5
43957,트레비트,1,3,0,"1,000",노병석,컬러즈플라잉,파워앤스피드,손영표,2,6,0,0,0,0,6
43738,트로트퀸,2,3,31,"30,850",김영근,선더모카신,아가워,김동균,52,11,0,3,1,0,5
43105,트로팅라일리,0,4,65,"133,850",공이공팔,선더모카신,다야몬드스테파니,리카디,34,8,4,1,2,0,3
43533,트리플킹덤,1,5,70,"144,650",선용호,SKY KINGDOM,TIZ THE TIDE,박재우,50,23,2,3,4,1,2
43676,특별,2,3,29,"33,000",배은정,미스치비어슬리,세이유윌,전승규,25,4,1,0,0,0,5
42186,티나,2,4,39,"50,260",곽홍석,애니기븐새터데이,플리트코즈웨이,이관호,42,17,0,4,3,0,4
50621,티시패밀리,2,2,40,"10,500",김한수,섀클포드,업점프드더데블,김동균,52,2,0,0,1,1,4
44024,티즈로켓,0,3,0,0,송암축산,티즈웨이,희망로켓,조현수,11,2,0,0,0,0,6
44814,티즈바로우즈,1,3,49,"108,400",이노쿠마 히로츠구,티즈웨이,케이랜즈로즈,서인석,33,7,2,2,0,0,4
41216,티즈블랙,0,5,46,"77,360",유길상,오피서,슬램댄싱,우창구,5,13,3,2,1,0,4
44824,티즈석세스,2,3,45,"61,600",이종욱,티즈웨이,퀘스트포석세스,이준철,48,4,2,2,0,0,4
45658,티즈에너지,0,4,36,"24,150",최상기,STRONG MANDATE,WIND ENERGY,서인석,33,13,0,1,0,1,4
46028,티즈인디,2,2,0,"13,200",이종욱,테이크차지인디,아이디이천,이준철,48,1,0,1,0,0,6
43338,티즈파이팅,0,4,27,"17,500",신승열,티즈원더풀,더스티즈튠,안병기,22,12,0,2,0,0,5
44020,티즈헌터,1,3,0,0,송암축산,티즈웨이,준벨러,최용구,8,6,0,0,0,0,6
41619,티케이데이,2,5,51,"212,575",김태권,머스킷맨,인디언명운,휴양마,999,30,1,6,4,0,3
40454,티케파이어,1,5,72,"200,630",손병현,인디밴드,리스킨잇올,휴양마,999,20,5,2,2,0,2
43263,티파니블루,2,4,31,"28,910",오호극,카우보이칼,플라이톱퀸,박윤규,4,11,1,1,0,0,5
50040,파르키우스,1,2,32,"35,400",말사모,테스타마타,범블비,안병기,22,3,1,0,0,0,5
42440,파워돌풍,1,4,30,"22,890",박정재,티즈원더풀,차이나골드,휴양마,999,8,1,0,2,0,5
44628,파워박스,1,3,51,"98,750",정형철,엑톤파크,메즈머리징레이디,송문길,40,12,3,1,0,0,3
43754,파워케이,1,3,34,"44,200",강경운,지롤라모,랩소디,송문길,40,3,1,0,2,0,5
40666,파워타워,2,5,43,"109,000",윤지중,한센,퍼스트클래스캣,휴양마,999,16,1,3,3,0,4
45622,파워풀삭스,1,2,0,"6,800",김창식,티즈원더풀,비바비노,이관호,42,4,0,0,0,0,6
45564,파워풀화성,0,2,0,"5,600",조중호,페더럴리스트,서머오페라,곽영효,19,4,0,0,1,0,6
45475,파워플레이,2,2,0,0,조현영,카우보이칼,파워팩,최영주,3,1,0,0,0,0,6
45156,파이널참,1,3,28,"26,000",김명식,티즈원더풀,화이널멜로디,송문길,40,9,1,0,0,0,5
45339,파이널축제,1,2,0,"2,400",정기환,지롤라모,월드퀵,김동균,52,2,0,0,0,0,6
50538,파이어걸,2,2,57,"82,500",에스지이건설,PIONEEROF THE NILE,JUST BE KIND,박재우,50,2,2,0,0,1,3
42758,파이어로드,1,4,41,"50,060",손병철,어플릿익스프레스,셔윈포레스트,김윤섭,32,10,3,1,1,0,4
45397,파이어파워,1,2,0,0,이관형,티즈원더풀,바다새,휴양마,999,1,0,0,0,0,6
42805,파이팅대디,0,4,54,"117,920",김정철,콩코드포인트,스캣대디즈브리즈,최봉주,16,17,4,3,0,0,3
45394,파인캠프,2,2,0,0,이종훈,콩코드포인트,스팅캠프,송문길,40,1,0,0,0,0,6
44046,파인팜,2,3,30,"33,000",럭키팜,한센,폭풍히어로,박재우,50,4,1,0,0,0,5
43356,파크윈,1,5,69,"183,360",임재형,디바인파크,천상의여왕,안해양,26,19,6,3,0,0,2
33142,파티파워,2,9,23,"144,800",조병해,OREWA MATTERUZE,파스디프라블럼,박희철,15,79,2,4,7,0,5
44860,팍스누리,2,3,0,"1,000",임두인,밥앤드존,패스트앤플래시미,안해양,26,5,0,0,0,0,6
44126,패스트트랙,1,3,36,"45,750",피닉스,테이크차지인디,엑스파일,강환민,31,14,2,0,0,0,4
44542,퍼미션투윈,1,3,0,"10,800",임병효,록하드텐,파이스타미스터리,휴양마,999,6,0,1,0,0,6
41857,퍼스트드림,1,5,47,"73,050",박재범,FIRST SAMURAI,GALLOPING GIRAFFE,문병기,21,25,2,1,0,1,4
43944,퍼스트슈,1,3,0,"6,500",전영애,영천에이스,모너,휴양마,999,3,0,0,1,0,6
44133,퍼지데이,0,3,33,"35,200",송용만,퍼지,댄싱스타,최용구,8,4,0,3,0,0,5
45533,퍼펙트건맨,1,2,30,"19,750",박재범,올드패션드,스칼렛스타렛,최용건,51,4,1,0,0,0,5
45672,퍼펙트타임,2,3,31,"24,000",김은갑,올드패션드,빛나는새벽,손영표,2,11,1,1,1,0,5
41373,퍼펙트파워,0,5,46,"104,500",지성한,컬러즈플라잉,에스에스벨,최상식,28,27,3,3,1,0,4
44900,퍼플스톰,0,3,0,"1,600",퍼플라인,투아너앤드서브,백만부자,박천서,54,5,0,0,0,0,6
43756,퍼플케이,2,3,53,"145,700",강경운,메니피,프러클레임,휴양마,999,11,3,2,2,0,3
44675,펀크레이지,1,3,28,"30,800",전영애,카우보이칼,호프포,휴양마,999,7,1,1,0,0,5
39133,페더럴캣,1,6,32,"131,180",최성룡,페더럴리스트,벨몬트그레이스,김윤섭,32,41,3,2,5,0,5
40269,페더럴킹,1,5,29,"74,240",최성룡,페더럴리스트,펠라피네,김동철,53,37,2,2,5,0,5
43758,포사포사,1,3,31,"31,250",박시용,테이크차지인디,신청파,휴양마,999,13,1,1,1,0,5
44527,포에버드림,0,3,82,"251,100",베스트샤인조합,에치드,투어캠프,이관호,42,12,6,1,0,0,1
44637,포에버칸,1,3,45,"91,400",강태구,투아너앤드서브,어피칭리워드,박병일,27,11,2,1,2,0,4
45614,포에이스,2,2,0,0,강석대,머스킷맨,남행열차,이관호,42,2,0,0,0,0,6
46083,포춘룰즈,1,2,0,0,남기태,피스룰즈,포춘드림,리카디,34,4,0,0,0,0,6
42547,포트스원,2,4,45,"115,710",조창규,애니기븐새터데이,포트스덕션,휴양마,999,21,2,3,3,0,4
42450,폭스파워,0,4,56,"146,760",말사모,한센,폭스레이,안해양,26,15,4,4,0,0,3
43912,푸른요정,2,3,23,"23,700",우태율,모던카우보이,푸른에너지,안병기,22,15,1,0,1,0,5
43584,풀부스터,1,5,55,"107,190",최몽주,DISCREET CAT,NOONTIME ANGEL,조현수,11,23,1,3,4,1,3
45518,퓨리오사,2,2,39,"84,250",황경호,카우보이칼,로즈어네이티브,이신영,14,4,2,0,1,0,4
43590,프리맥스,1,5,79,"241,520",김호진,레이스데이,STATELY APPEAL,문병기,21,20,4,5,3,1,2
40274,플라이스타,1,5,37,"40,250",오종환,엑톤파크,플라이퀸,최봉주,16,8,1,2,2,0,4
44518,플라이제니,2,3,0,0,오종환,테이크차지인디,플라이톱퀸,휴양마,999,1,0,0,0,0,6
44472,플라잉골드,1,3,42,"52,950",김형순,카우보이칼,파인질주,강성오,9,6,2,1,1,0,4
41330,플라잉바비,2,5,0,"6,870",송암축산,디바인파크,다이나믹바비,휴양마,999,18,0,0,1,0,6
44475,플라잉아테나,2,3,37,"42,600",김형순,올드패션드,쇼우미어게인,이신영,14,10,1,2,0,0,4
45922,플라잉점프,2,2,0,0,김형순,퍼지,허리케인점프,이신영,14,1,0,0,0,0,6
42282,플라잉풀문,2,4,37,"44,240",김형순,올드패션드,벨어브더문,임채덕,35,17,2,0,1,0,4
44794,플래시선더,1,3,38,"40,750",이웅열,콩코드포인트,아테나선더,박종곤,1,6,2,0,0,0,4
38763,플래티넘유로,0,6,85,"303,800",박성구,유로실버,와일드캣,최용건,51,23,6,2,2,0,1
45466,플랜비,2,2,0,0,김길중,퍼지,어제이선트,안해양,26,1,0,0,0,0,6
41712,플로리다파워,2,6,71,"227,550",태립,LOOKIN AT LUCKY,SASSY CITY,이신영,14,21,3,0,5,1,2
46551,피닉스서브,2,2,0,"8,400",권경자,투아너앤드서브,그레이트레드뷰티,박병일,27,1,0,0,1,0,6
39554,피렌체힐,1,6,46,"133,180",안병렬,채플로열,스마트체스넛,신삼영,41,31,2,4,3,0,4
41512,피어나다,2,5,37,"53,800",김창희,티즈원더풀,스윗익스체인지,손영표,2,16,1,1,3,0,4
44498,피엔에스갬블,1,3,39,"64,000",피엔에스커튼월,투아너앤드서브,갬블링걸,조현수,11,14,2,1,2,0,4
44221,피엔에스골드,2,3,28,"33,600",피엔에스커튼월,KLIMT,홀리데이즈,휴양마,999,9,0,2,0,0,5
44467,피엔에스더킹,0,3,27,"16,500",피엔에스커튼월,메니피,어메이징서프라이,최영주,3,13,0,2,1,0,5
44109,피엔에스럭키,2,3,50,"118,300",피엔에스커튼월,미스치비어슬리,컵오럭,이준철,48,11,3,1,0,0,4
45384,피엔에스룩,2,2,29,"33,000",피엔에스홈즈,아치아치아치,리버브룩,휴양마,999,4,1,0,0,0,5
43889,피엔에스린,0,3,29,"15,350",피엔에스홈즈,카우보이칼,아워린다루,휴양마,999,9,1,0,0,0,5
44264,피엔에스빌,1,3,32,"26,350",피엔에스홈즈,PALACE,에스메랄다빌로보,유재길,23,12,1,0,1,0,5
44889,피엔에스싱,2,3,27,"16,450",피엔에스홈즈,메니피,신즈실버댄서,휴양마,999,10,0,2,0,0,5
44470,피엔에스아이,0,3,29,"27,600",피엔에스커튼월,카우보이칼,카우아이콜즈,박천서,54,8,1,0,0,0,5
44367,피엔에스안,2,3,0,0,피엔에스홈즈,선더모카신,천수,휴양마,999,6,0,0,0,0,6
43905,피엔에스얀,2,3,0,"4,450",피엔에스홈즈,메니피,스피닝얀,휴양마,999,8,0,0,0,0,6
44460,피엔에스찬스,2,3,39,"84,500",피엔에스커튼월,카우보이칼,절호찬스,박윤규,4,15,2,1,3,0,4
44441,피엔에스탑,2,3,0,0,피엔에스홈즈,테이크차지인디,탑포인트,박윤규,4,1,0,0,0,0,6
44459,피엔에스헐,2,3,0,"19,150",피엔에스홈즈,올드패션드,잇메익스헐민,유재길,23,8,0,0,1,0,6
43965,하늘아,2,3,27,"17,900",최성룡,피스룰즈,티즈어다이나포머,김윤섭,32,8,0,2,0,0,5
42766,하니,2,4,0,"7,750",황혜정,오피서,마이티엔젤,임채덕,35,15,0,0,1,0,6
46329,하얀왕자,1,2,0,"13,200",이방훈,메니피,라레인빅토리아,박윤규,4,2,0,1,0,0,6
45733,하이그랜드,1,2,0,"14,800",박정재,모던카우보이,뉴하이타임,송문길,40,4,0,1,0,0,6
44014,하이러너,2,3,44,"73,800",황은호,오버애널라이즈,하이와이어액트,휴양마,999,8,2,1,1,0,4
44206,하이로드,2,3,0,0,김은갑,대자연,민아,휴양마,999,3,0,0,0,0,6
44010,하이파크,2,3,27,"15,900",박민지,투아너앤드서브,팬시폴리,휴양마,999,9,0,2,0,0,5
41261,하이퍼카,0,5,46,"82,200",장석은,백광,상왕전,김동균,52,19,1,3,5,0,4
42784,하이하이,0,4,60,"135,440",김경민,TOURIST,릴리울레이,휴양마,999,12,5,1,4,0,3
43699,한강돌풍,0,3,28,"19,050",김학록,티즈원더풀,홈포더홀리데이즈,곽영효,19,7,0,2,1,0,5
43985,한강매직,2,3,39,"68,800",김학록,FED BIZ,디자이어투엑셀,곽영효,19,12,2,0,1,0,4
45276,한강뮤직,2,2,0,0,나기두,콩코드포인트,에브리바디머스트,휴양마,999,1,0,0,0,0,6
44473,한강보스,0,3,46,"82,150",김학록,카우보이칼,블루그라스아타튜,곽영효,19,10,3,0,0,0,4
45953,한강스카이,1,2,0,0,나기두,페더럴리스트,크리스티나즈스타,우창구,5,1,0,0,0,0,6
45347,한강에이스,1,2,44,"151,250",나기두,TAPITURE,퍼링투뮤직,곽영효,19,4,2,0,0,0,4
44400,한강의기상,1,3,39,"55,000",나기두,피스룰즈,대화합,곽영효,19,2,2,0,0,0,4
45814,한강지존,1,2,0,0,나기두,피스룰즈,로즈라인,곽영효,19,4,0,0,0,0,6
46144,한강질주,2,2,0,"3,000",나기두,메니피,마리아즈발라도,김동균,52,3,0,0,0,0,6
43899,한강챔프,0,3,37,"63,400",나기두,LOOKIN AT LUCKY,리퀴드런치,곽영효,19,11,1,3,0,0,4
45568,한강파워,1,2,0,0,나기두,카우보이칼,블랙파워Ⅱ,최영주,3,2,0,0,0,0,6
44048,한강히어로,2,3,28,"17,100",김학록,테이크차지인디,록킹룰러,곽영효,19,10,0,2,1,0,5
44782,함평여왕,2,3,24,"23,600",함평제일,티즈웨이,천둥번쩍,박희철,15,12,1,0,0,0,5
43755,함평파이터,2,3,0,"3,850",함평제일,위드디스팅션,믿음의빛,박희철,15,9,0,0,0,0,6
45155,항구스타,0,3,0,0,김명식,테스타마타,항구로맨스,전승규,25,1,0,0,0,0,6
39502,해들뫼,0,6,56,"217,430",박남성,테스타마타,나필리베이,정호익,10,36,3,5,6,0,3
40582,해피나이스,2,5,0,"4,750",김영표,애니기븐새터데이,해피퀸,유재길,23,12,0,0,1,0,6
43992,해피믹스,2,3,40,"61,200",신기철,BIG BLUE KITTEN,로스바이세,박병일,27,10,2,0,2,0,4
43282,해피삭스,2,4,36,"69,810",김창식,티즈원더풀,쿠마나,강환민,31,15,2,1,3,0,4
44433,해피선샤인,2,3,0,0,손칠규,한센,에스퀸,휴양마,999,1,0,0,0,0,6
45361,해피홀리데이,2,2,0,0,강홍수,케이탑,해피센세이션,휴양마,999,1,0,0,0,0,6
44383,햇무리,0,3,36,"62,400",김조은,커널존,에이스더블,곽영효,19,8,1,3,2,0,4
43568,행복왕자,1,5,129,"907,010",이방훈,DAREDEVIL,FIRST INSTALLMENT,박윤규,4,21,8,5,1,1,1
45764,행복한문막,2,2,30,"36,000",조현영,카우보이칼,행복을찾아,최영주,3,3,1,0,0,0,5
45070,행복한버미,1,3,0,0,허윤범,지롤라모,레디투파티,휴양마,999,2,0,0,0,0,6
44059,허니펀치,2,3,27,"10,500",김봉섭,지롤라모,포리스트플라워,휴양마,999,7,0,0,3,0,5
44106,허밍버드,0,3,0,0,박정배,카우보이칼,팔메토블룹스,김동균,52,6,0,0,0,0,6
38599,허쉬대보,1,6,83,"307,730",박철근,테스타마타,허쉬틸드,전승규,25,22,7,2,0,0,1
45525,헌터블레이드,1,2,0,"2,400",김형란,페더럴리스트,선블레이드,토니,30,3,0,0,0,0,6
43901,헤라블레이드,2,3,29,"29,200",김형란,퍼지,라이파이,토니,30,8,1,0,1,0,5
44149,헤이마마,2,3,0,0,오상철,피스룰즈,그랜드캠프,휴양마,999,4,0,0,0,0,6
45920,헤이큐피드,1,2,0,0,서순배,페더럴리스트,헤이스트,이신영,14,1,0,0,0,0,6
39119,호크의영광,0,6,30,"47,900",오호극,호크윙,샤프터레인,최봉주,16,35,0,1,6,0,5
46592,호크프린스,0,3,36,0,최상일,BODEMEISTER,THEYPLAYINGOURSONG,리카디,34,3,0,0,0,1,4
42869,홀리데이참,1,4,44,"91,190",투애니포,애니기븐새터데이,메긴즈홀리데이,유재길,23,19,2,3,2,0,4
45871,홀리스타,1,2,0,0,강균호,영천에이스,해피투데이,김동균,52,1,0,0,0,0,6
44703,화랑투데이,1,3,34,"44,000",박웅진,카우보이칼,아이스컬린,전승규,25,4,1,2,0,0,5
43706,화수분,2,3,37,"58,100",양순희,카우보이칼,걸즈라이크,휴양마,999,9,1,1,3,0,4
40628,화씨벽,2,5,43,"101,650",장수영,피스룰즈,가문여장군,우창구,5,20,2,3,1,0,4
45881,화이트위치,2,2,0,"12,150",최동근,콩코드포인트,스칼렛위치,홍대유,6,3,0,0,1,0,6
42313,화이트윙,2,4,28,"19,960",구리야마 타다시,콩코드포인트,니케다이아,이신영,14,14,1,0,2,0,5
43410,화이트참,1,4,43,"145,840",김세민,카우보이칼,펠리시티,휴양마,999,13,2,2,3,0,4
39390,화이트코멧,1,6,51,"133,590",백국인,티즈원더풀,레이디엘,휴양마,999,28,3,3,4,0,3
41641,화이트퀸,2,5,62,"326,850",박정재,한센,빛의여왕,박재우,50,15,5,2,0,0,3
42615,황금달빛,2,4,31,"22,480",장석린외1인(신치구),컬러즈플라잉,히어더레이디,박윤규,4,15,1,0,2,0,5
43510,황금럭키,1,5,69,"167,100",송진석,CONSTITUTION,INCLUDING,문병기,21,22,2,5,1,1,2
43837,황금천지,2,3,46,"61,300",송철흠,선더모카신,황금대로,박천서,54,4,2,0,1,0,4
40482,황금해,1,5,51,"127,090",진교원,채플로열,캐롤라이나문댄스,임채덕,35,23,2,3,4,0,3
43780,황우강자,1,3,0,"9,000",남춘우,한센,칼라하리,정호익,10,8,0,1,1,0,6
43097,회두령,1,4,34,"62,320",권태석,콩코드포인트,헬로다이너,최용구,8,20,1,4,1,0,5
42537,후이넘,1,4,0,"8,530",김영근,모던카우보이,포우수,김동균,52,13,0,0,0,0,6
44618,휘파람,2,3,30,"46,800",(주)나스카,페더럴리스트,초원의별,조현수,11,10,1,1,2,0,5
42952,흑룡가무,0,4,29,"31,070",유수현,카우보이칼,하버걸,휴양마,999,11,0,3,1,0,5
38628,흑전사,1,6,120,"514,400",김창희,FLAT OUT,밸러드어브버티,휴양마,999,23,9,4,3,0,1
42825,흥드림,0,4,73,"167,000",임한용,테스타마타,싱가포르드림,정호익,10,20,5,3,2,0,2
44754,흥록대부,0,4,80,"227,490",임한용,ALGORITHMS,VIVID STORM,이준철,48,18,5,2,3,1,2
42942,흥바라기,1,4,85,"461,150",임동현,올드패션드,그랜드마케팅,이준철,48,11,5,4,1,0,1
41593,흥복드림,0,6,80,"289,100",임한용,VERRAZANO,CANDY CAT CAN,박병일,27,29,3,6,4,1,2
40633,흥행질주,1,5,125,"769,830",임한용,컬러즈플라잉,패션드,이준철,48,24,10,2,7,0,1
44556,희망가득,2,3,29,"17,300",최용도,사이먼퓨어,텐자스팔미라,리카디,34,5,0,2,0,0,5
44728,희망오름,2,3,29,"15,350",김근영,연승대로,해운대기상,최영주,3,5,1,0,0,0,5
45073,희망워리어,2,3,30,"22,600",희망홀스,인디밴드,카밀라,신삼영,41,7,1,0,1,0,5
44303,희망챔프,1,3,32,"49,000",박재범,미스치비어슬리,인본챔프,최용건,51,13,1,0,2,0,5
45660,히든돌풍,0,4,57,"98,750",김광명,MAJESTIC CITY,HIDDEN REALITY,이관호,42,12,2,3,0,1,3
44648,히든블레이드,2,3,33,"31,800",김형란,올드패션드,퀸즈블레이드,강환민,31,6,1,1,1,0,5
43514,히든삭스,1,5,80,"238,700",김창식,RUN AWAY AND HIDE,DELIGHTFUL DAWN,강성오,9,24,3,5,3,1,2
45908,히어로사랑,2,2,0,"13,200",임재형,위드디스팅션,지봉사랑,안해양,26,1,0,1,0,0,6
45380,히어로퀸,2,2,0,0,임재형,선더모카신,라이브퀸,안해양,26,1,0,0,0,0,6
42707,히트에이스,2,4,28,"19,240",유수현,메니피,천년나래,이관호,42,12,0,2,1,0,5
45333,히트파워,1,2,30,"33,000",김조은,올드패션드,올콰이어트,우창구,5,2,1,0,0,0,5
